"id","grade","strand","knowledgeAndSkills","studentExpectation","requiredOrExtension","coverageStatus","moduleId","currentArtifact","sourceUrl","sourceCheckedAt"
"K.1A","K","Mathematical process standards","Mathematical process standards. The student uses mathematical processes to acquire and demonstrate mathematical understanding. The student is expected to:","apply mathematics to problems arising in everyday life, society, and the workplace;","TEKS required","unmapped","","","https://tea.texas.gov/laws-and-rules/sboe-rules-tac/sboe-tac-currently-effect/ch111a.pdf","2026-10-03"
"K.1B","K","Mathematical process standards","Mathematical process standards. The student uses mathematical processes to acquire and demonstrate mathematical understanding. The student is expected to:","use a problem-solving model that incorporates analyzing given information, formulating a plan or strategy, determining a solution, justifying the solution, and evaluating the problem-solving process and the reasonableness of the solution;","TEKS required","unmapped","","","https://tea.texas.gov/laws-and-rules/sboe-rules-tac/sboe-tac-currently-effect/ch111a.pdf","2026-10-03"
"K.1C","K","Mathematical process standards","Mathematical process standards. The student uses mathematical processes to acquire and demonstrate mathematical understanding. The student is expected to:","select tools, including real objects, manipulatives, paper and pencil, and technology as appropriate, and techniques, including mental math, estimation, and number sense as appropriate, to solve problems;","TEKS required","unmapped","","","https://tea.texas.gov/laws-and-rules/sboe-rules-tac/sboe-tac-currently-effect/ch111a.pdf","2026-10-03"
"K.1D","K","Mathematical process standards","Mathematical process standards. The student uses mathematical processes to acquire and demonstrate mathematical understanding. The student is expected to:","communicate mathematical ideas, reasoning, and their implications using multiple representations, including symbols, diagrams, graphs, and language as appropriate;","TEKS required","unmapped","","","https://tea.texas.gov/laws-and-rules/sboe-rules-tac/sboe-tac-currently-effect/ch111a.pdf","2026-10-03"
"K.1E","K","Mathematical process standards","Mathematical process standards. The student uses mathematical processes to acquire and demonstrate mathematical understanding. The student is expected to:","create and use representations to organize, record, and communicate mathematical ideas;","TEKS required","unmapped","","","https://tea.texas.gov/laws-and-rules/sboe-rules-tac/sboe-tac-currently-effect/ch111a.pdf","2026-10-03"
"K.1F","K","Mathematical process standards","Mathematical process standards. The student uses mathematical processes to acquire and demonstrate mathematical understanding. The student is expected to:","analyze mathematical relationships to connect and communicate mathematical ideas; and","TEKS required","unmapped","","","https://tea.texas.gov/laws-and-rules/sboe-rules-tac/sboe-tac-currently-effect/ch111a.pdf","2026-10-03"
"K.1G","K","Mathematical process standards","Mathematical process standards. The student uses mathematical processes to acquire and demonstrate mathematical understanding. The student is expected to:","display, explain, and justify mathematical ideas and arguments using precise mathematical language in written or oral communication.","TEKS required","unmapped","","","https://tea.texas.gov/laws-and-rules/sboe-rules-tac/sboe-tac-currently-effect/ch111a.pdf","2026-10-03"
"K.2A","K","Number and operations","Number and operations. The student applies mathematical process standards to understand how to represent and compare whole numbers, the relative position and magnitude of whole numbers, and relationships within the numeration system. The student is expected to:","count forward and backward to at least 20 with and without objects;","TEKS required","unmapped","","","https://tea.texas.gov/laws-and-rules/sboe-rules-tac/sboe-tac-currently-effect/ch111a.pdf","2026-10-03"
"K.2B","K","Number and operations","Number and operations. The student applies mathematical process standards to understand how to represent and compare whole numbers, the relative position and magnitude of whole numbers, and relationships within the numeration system. The student is expected to:","read, write, and represent whole numbers from 0 to at least 20 with and without objects or pictures;","TEKS required","unmapped","","","https://tea.texas.gov/laws-and-rules/sboe-rules-tac/sboe-tac-currently-effect/ch111a.pdf","2026-10-03"
"K.2C","K","Number and operations","Number and operations. The student applies mathematical process standards to understand how to represent and compare whole numbers, the relative position and magnitude of whole numbers, and relationships within the numeration system. The student is expected to:","count a set of objects up to at least 20 and demonstrate that the last number said tells the number of objects in the set regardless of their arrangement or order;","TEKS required","unmapped","","","https://tea.texas.gov/laws-and-rules/sboe-rules-tac/sboe-tac-currently-effect/ch111a.pdf","2026-10-03"
"K.2D","K","Number and operations","Number and operations. The student applies mathematical process standards to understand how to represent and compare whole numbers, the relative position and magnitude of whole numbers, and relationships within the numeration system. The student is expected to:","recognize instantly the quantity of a small group of objects in organized and random arrangements;","TEKS required","unmapped","","","https://tea.texas.gov/laws-and-rules/sboe-rules-tac/sboe-tac-currently-effect/ch111a.pdf","2026-10-03"
"K.2E","K","Number and operations","Number and operations. The student applies mathematical process standards to understand how to represent and compare whole numbers, the relative position and magnitude of whole numbers, and relationships within the numeration system. The student is expected to:","generate a set using concrete and pictorial models that represents a number that is more than, less than, and equal to a given number up to 20;","TEKS required","unmapped","","","https://tea.texas.gov/laws-and-rules/sboe-rules-tac/sboe-tac-currently-effect/ch111a.pdf","2026-10-03"
"K.2F","K","Number and operations","Number and operations. The student applies mathematical process standards to understand how to represent and compare whole numbers, the relative position and magnitude of whole numbers, and relationships within the numeration system. The student is expected to:","generate a number that is one more than or one less than another number up to at least 20;","TEKS required","unmapped","","","https://tea.texas.gov/laws-and-rules/sboe-rules-tac/sboe-tac-currently-effect/ch111a.pdf","2026-10-03"
"K.2G","K","Number and operations","Number and operations. The student applies mathematical process standards to understand how to represent and compare whole numbers, the relative position and magnitude of whole numbers, and relationships within the numeration system. The student is expected to:","compare sets of objects up to at least 20 in each set using comparative language;","TEKS required","unmapped","","","https://tea.texas.gov/laws-and-rules/sboe-rules-tac/sboe-tac-currently-effect/ch111a.pdf","2026-10-03"
"K.2H","K","Number and operations","Number and operations. The student applies mathematical process standards to understand how to represent and compare whole numbers, the relative position and magnitude of whole numbers, and relationships within the numeration system. The student is expected to:","use comparative language to describe two numbers up to 20 presented as written numerals; and","TEKS required","unmapped","","","https://tea.texas.gov/laws-and-rules/sboe-rules-tac/sboe-tac-currently-effect/ch111a.pdf","2026-10-03"
"K.2I","K","Number and operations","Number and operations. The student applies mathematical process standards to understand how to represent and compare whole numbers, the relative position and magnitude of whole numbers, and relationships within the numeration system. The student is expected to:","compose and decompose numbers up to 10 with objects and pictures.","TEKS required","unmapped","","","https://tea.texas.gov/laws-and-rules/sboe-rules-tac/sboe-tac-currently-effect/ch111a.pdf","2026-10-03"
"K.3A","K","Number and operations","Number and operations. The student applies mathematical process standards to develop an understanding of addition and subtraction situations in order to solve problems. The student is expected to:","model the action of joining to represent addition and the action of separating to represent subtraction;","TEKS required","unmapped","","","https://tea.texas.gov/laws-and-rules/sboe-rules-tac/sboe-tac-currently-effect/ch111a.pdf","2026-10-03"
"K.3B","K","Number and operations","Number and operations. The student applies mathematical process standards to develop an understanding of addition and subtraction situations in order to solve problems. The student is expected to:","solve word problems using objects and drawings to find sums up to 10 and differences within 10; and","TEKS required","unmapped","","","https://tea.texas.gov/laws-and-rules/sboe-rules-tac/sboe-tac-currently-effect/ch111a.pdf","2026-10-03"
"K.3C","K","Number and operations","Number and operations. The student applies mathematical process standards to develop an understanding of addition and subtraction situations in order to solve problems. The student is expected to:","explain the strategies used to solve problems involving adding and subtracting within 10 using spoken words, concrete and pictorial models, and number sentences.","TEKS required","unmapped","","","https://tea.texas.gov/laws-and-rules/sboe-rules-tac/sboe-tac-currently-effect/ch111a.pdf","2026-10-03"
"K.4","K","Number and operations","Number and operations. The student applies mathematical process standards to identify coins in order to recognize the need for monetary transactions.","identify U.S. coins by name, including pennies, nickels, dimes, and quarters.","TEKS required","unmapped","","","https://tea.texas.gov/laws-and-rules/sboe-rules-tac/sboe-tac-currently-effect/ch111a.pdf","2026-10-03"
"K.5","K","Algebraic reasoning","Algebraic reasoning. The student applies mathematical process standards to identify the pattern in the number word list.","recite numbers up to at least 100 by ones and tens beginning with any given number.","TEKS required","unmapped","","","https://tea.texas.gov/laws-and-rules/sboe-rules-tac/sboe-tac-currently-effect/ch111a.pdf","2026-10-03"
"K.6A","K","Geometry and measurement","Geometry and measurement. The student applies mathematical process standards to analyze attributes of two-dimensional shapes and three-dimensional solids to develop generalizations about their properties. The student is expected to:","identify two-dimensional shapes, including circles, triangles, rectangles, and squares as special rectangles;","TEKS required","unmapped","","","https://tea.texas.gov/laws-and-rules/sboe-rules-tac/sboe-tac-currently-effect/ch111a.pdf","2026-10-03"
"K.6B","K","Geometry and measurement","Geometry and measurement. The student applies mathematical process standards to analyze attributes of two-dimensional shapes and three-dimensional solids to develop generalizations about their properties. The student is expected to:","identify three-dimensional solids, including cylinders, cones, spheres, and cubes, in the real world;","TEKS required","unmapped","","","https://tea.texas.gov/laws-and-rules/sboe-rules-tac/sboe-tac-currently-effect/ch111a.pdf","2026-10-03"
"K.6C","K","Geometry and measurement","Geometry and measurement. The student applies mathematical process standards to analyze attributes of two-dimensional shapes and three-dimensional solids to develop generalizations about their properties. The student is expected to:","identify two-dimensional components of three-dimensional objects;","TEKS required","unmapped","","","https://tea.texas.gov/laws-and-rules/sboe-rules-tac/sboe-tac-currently-effect/ch111a.pdf","2026-10-03"
"K.6D","K","Geometry and measurement","Geometry and measurement. The student applies mathematical process standards to analyze attributes of two-dimensional shapes and three-dimensional solids to develop generalizations about their properties. The student is expected to:","identify attributes of two-dimensional shapes using informal and formal geometric language interchangeably;","TEKS required","unmapped","","","https://tea.texas.gov/laws-and-rules/sboe-rules-tac/sboe-tac-currently-effect/ch111a.pdf","2026-10-03"
"K.6E","K","Geometry and measurement","Geometry and measurement. The student applies mathematical process standards to analyze attributes of two-dimensional shapes and three-dimensional solids to develop generalizations about their properties. The student is expected to:","classify and sort a variety of regular and irregular two- and three-dimensional figures regardless of orientation or size; and","TEKS required","unmapped","","","https://tea.texas.gov/laws-and-rules/sboe-rules-tac/sboe-tac-currently-effect/ch111a.pdf","2026-10-03"
"K.6F","K","Geometry and measurement","Geometry and measurement. The student applies mathematical process standards to analyze attributes of two-dimensional shapes and three-dimensional solids to develop generalizations about their properties. The student is expected to:","create two-dimensional shapes using a variety of materials and drawings.","TEKS required","unmapped","","","https://tea.texas.gov/laws-and-rules/sboe-rules-tac/sboe-tac-currently-effect/ch111a.pdf","2026-10-03"
"K.7A","K","Geometry and measurement","Geometry and measurement. The student applies mathematical process standards to directly compare measurable attributes. The student is expected to:","give an example of a measurable attribute of a given object, including length, capacity, and weight; and","TEKS required","unmapped","","","https://tea.texas.gov/laws-and-rules/sboe-rules-tac/sboe-tac-currently-effect/ch111a.pdf","2026-10-03"
"K.7B","K","Geometry and measurement","Geometry and measurement. The student applies mathematical process standards to directly compare measurable attributes. The student is expected to:","compare two objects with a common measurable attribute to see which object has more of/less of the attribute and describe the difference.","TEKS required","unmapped","","","https://tea.texas.gov/laws-and-rules/sboe-rules-tac/sboe-tac-currently-effect/ch111a.pdf","2026-10-03"
"K.8A","K","Data analysis","Data analysis. The student applies mathematical process standards to collect and organize data to make it useful for interpreting information. The student is expected to:","collect, sort, and organize data into two or three categories;","TEKS required","unmapped","","","https://tea.texas.gov/laws-and-rules/sboe-rules-tac/sboe-tac-currently-effect/ch111a.pdf","2026-10-03"
"K.8B","K","Data analysis","Data analysis. The student applies mathematical process standards to collect and organize data to make it useful for interpreting information. The student is expected to:","use data to create real-object and picture graphs; and","TEKS required","unmapped","","","https://tea.texas.gov/laws-and-rules/sboe-rules-tac/sboe-tac-currently-effect/ch111a.pdf","2026-10-03"
"K.8C","K","Data analysis","Data analysis. The student applies mathematical process standards to collect and organize data to make it useful for interpreting information. The student is expected to:","draw conclusions from real-object and picture graphs.","TEKS required","unmapped","","","https://tea.texas.gov/laws-and-rules/sboe-rules-tac/sboe-tac-currently-effect/ch111a.pdf","2026-10-03"
"K.9A","K","Personal financial literacy","Personal financial literacy. The student applies mathematical process standards to manage one's financial resources effectively for lifetime financial security. The student is expected to:","identify ways to earn income;","TEKS required","unmapped","","","https://tea.texas.gov/laws-and-rules/sboe-rules-tac/sboe-tac-currently-effect/ch111a.pdf","2026-10-03"
"K.9B","K","Personal financial literacy","Personal financial literacy. The student applies mathematical process standards to manage one's financial resources effectively for lifetime financial security. The student is expected to:","differentiate between money received as income and money received as gifts;","TEKS required","unmapped","","","https://tea.texas.gov/laws-and-rules/sboe-rules-tac/sboe-tac-currently-effect/ch111a.pdf","2026-10-03"
"K.9C","K","Personal financial literacy","Personal financial literacy. The student applies mathematical process standards to manage one's financial resources effectively for lifetime financial security. The student is expected to:","list simple skills required for jobs; and","TEKS required","unmapped","","","https://tea.texas.gov/laws-and-rules/sboe-rules-tac/sboe-tac-currently-effect/ch111a.pdf","2026-10-03"
"K.9D","K","Personal financial literacy","Personal financial literacy. The student applies mathematical process standards to manage one's financial resources effectively for lifetime financial security. The student is expected to:","distinguish between wants and needs and identify income as a source to meet one's wants and needs.","TEKS required","unmapped","","","https://tea.texas.gov/laws-and-rules/sboe-rules-tac/sboe-tac-currently-effect/ch111a.pdf","2026-10-03"
"1.1A","1","Mathematical process standards","Mathematical process standards. The student uses mathematical processes to acquire and demonstrate mathematical understanding. The student is expected to:","apply mathematics to problems arising in everyday life, society, and the workplace;","TEKS required","unmapped","","","https://tea.texas.gov/laws-and-rules/sboe-rules-tac/sboe-tac-currently-effect/ch111a.pdf","2026-10-03"
"1.1B","1","Mathematical process standards","Mathematical process standards. The student uses mathematical processes to acquire and demonstrate mathematical understanding. The student is expected to:","use a problem-solving model that incorporates analyzing given information, formulating a plan or strategy, determining a solution, justifying the solution, and evaluating the problem-solving process and the reasonableness of the solution;","TEKS required","unmapped","","","https://tea.texas.gov/laws-and-rules/sboe-rules-tac/sboe-tac-currently-effect/ch111a.pdf","2026-10-03"
"1.1C","1","Mathematical process standards","Mathematical process standards. The student uses mathematical processes to acquire and demonstrate mathematical understanding. The student is expected to:","select tools, including real objects, manipulatives, paper and pencil, and technology as appropriate, and techniques, including mental math, estimation, and number sense as appropriate, to solve problems;","TEKS required","unmapped","","","https://tea.texas.gov/laws-and-rules/sboe-rules-tac/sboe-tac-currently-effect/ch111a.pdf","2026-10-03"
"1.1D","1","Mathematical process standards","Mathematical process standards. The student uses mathematical processes to acquire and demonstrate mathematical understanding. The student is expected to:","communicate mathematical ideas, reasoning, and their implications using multiple representations, including symbols, diagrams, graphs, and language as appropriate;","TEKS required","unmapped","","","https://tea.texas.gov/laws-and-rules/sboe-rules-tac/sboe-tac-currently-effect/ch111a.pdf","2026-10-03"
"1.1E","1","Mathematical process standards","Mathematical process standards. The student uses mathematical processes to acquire and demonstrate mathematical understanding. The student is expected to:","create and use representations to organize, record, and communicate mathematical ideas;","TEKS required","unmapped","","","https://tea.texas.gov/laws-and-rules/sboe-rules-tac/sboe-tac-currently-effect/ch111a.pdf","2026-10-03"
"1.1F","1","Mathematical process standards","Mathematical process standards. The student uses mathematical processes to acquire and demonstrate mathematical understanding. The student is expected to:","analyze mathematical relationships to connect and communicate mathematical ideas; and","TEKS required","unmapped","","","https://tea.texas.gov/laws-and-rules/sboe-rules-tac/sboe-tac-currently-effect/ch111a.pdf","2026-10-03"
"1.1G","1","Mathematical process standards","Mathematical process standards. The student uses mathematical processes to acquire and demonstrate mathematical understanding. The student is expected to:","display, explain, and justify mathematical ideas and arguments using precise mathematical language in written or oral communication.","TEKS required","unmapped","","","https://tea.texas.gov/laws-and-rules/sboe-rules-tac/sboe-tac-currently-effect/ch111a.pdf","2026-10-03"
"1.2A","1","Number and operations","Number and operations. The student applies mathematical process standards to represent and compare whole numbers, the relative position and magnitude of whole numbers, and relationships within the numeration system related to place value. The student is expected to:","recognize instantly the quantity of structured arrangements;","TEKS required","unmapped","","","https://tea.texas.gov/laws-and-rules/sboe-rules-tac/sboe-tac-currently-effect/ch111a.pdf","2026-10-03"
"1.2B","1","Number and operations","Number and operations. The student applies mathematical process standards to represent and compare whole numbers, the relative position and magnitude of whole numbers, and relationships within the numeration system related to place value. The student is expected to:","use concrete and pictorial models to compose and decompose numbers up to 120 in more than one way as so many hundreds, so many tens, and so many ones;","TEKS required","unmapped","","","https://tea.texas.gov/laws-and-rules/sboe-rules-tac/sboe-tac-currently-effect/ch111a.pdf","2026-10-03"
"1.2C","1","Number and operations","Number and operations. The student applies mathematical process standards to represent and compare whole numbers, the relative position and magnitude of whole numbers, and relationships within the numeration system related to place value. The student is expected to:","use objects, pictures, and expanded and standard forms to represent numbers up to 120;","TEKS required","unmapped","","","https://tea.texas.gov/laws-and-rules/sboe-rules-tac/sboe-tac-currently-effect/ch111a.pdf","2026-10-03"
"1.2D","1","Number and operations","Number and operations. The student applies mathematical process standards to represent and compare whole numbers, the relative position and magnitude of whole numbers, and relationships within the numeration system related to place value. The student is expected to:","generate a number that is greater than or less than a given whole number up to 120;","TEKS required","unmapped","","","https://tea.texas.gov/laws-and-rules/sboe-rules-tac/sboe-tac-currently-effect/ch111a.pdf","2026-10-03"
"1.2E","1","Number and operations","Number and operations. The student applies mathematical process standards to represent and compare whole numbers, the relative position and magnitude of whole numbers, and relationships within the numeration system related to place value. The student is expected to:","use place value to compare whole numbers up to 120 using comparative language;","TEKS required","unmapped","","","https://tea.texas.gov/laws-and-rules/sboe-rules-tac/sboe-tac-currently-effect/ch111a.pdf","2026-10-03"
"1.2F","1","Number and operations","Number and operations. The student applies mathematical process standards to represent and compare whole numbers, the relative position and magnitude of whole numbers, and relationships within the numeration system related to place value. The student is expected to:","order whole numbers up to 120 using place value and open number lines; and","TEKS required","unmapped","","","https://tea.texas.gov/laws-and-rules/sboe-rules-tac/sboe-tac-currently-effect/ch111a.pdf","2026-10-03"
"1.2G","1","Number and operations","Number and operations. The student applies mathematical process standards to represent and compare whole numbers, the relative position and magnitude of whole numbers, and relationships within the numeration system related to place value. The student is expected to:","represent the comparison of two numbers to 100 using the symbols >, <, or =.","TEKS required","unmapped","","","https://tea.texas.gov/laws-and-rules/sboe-rules-tac/sboe-tac-currently-effect/ch111a.pdf","2026-10-03"
"1.3A","1","Number and operations","Number and operations. The student applies mathematical process standards to develop and use strategies for whole number addition and subtraction computations in order to solve problems. The student is expected to:","use concrete and pictorial models to determine the sum of a multiple of 10 and a one-digit number in problems up to 99;","TEKS required","unmapped","","","https://tea.texas.gov/laws-and-rules/sboe-rules-tac/sboe-tac-currently-effect/ch111a.pdf","2026-10-03"
"1.3B","1","Number and operations","Number and operations. The student applies mathematical process standards to develop and use strategies for whole number addition and subtraction computations in order to solve problems. The student is expected to:","use objects and pictorial models to solve word problems involving joining, separating, and comparing sets within 20 and unknowns as any one of the terms in the problem such as 2 + 4 = [ ]; 3 + [ ] = 7; and 5 = [ ]-3;","TEKS required","unmapped","","","https://tea.texas.gov/laws-and-rules/sboe-rules-tac/sboe-tac-currently-effect/ch111a.pdf","2026-10-03"
"1.3C","1","Number and operations","Number and operations. The student applies mathematical process standards to develop and use strategies for whole number addition and subtraction computations in order to solve problems. The student is expected to:","compose 10 with two or more addends with and without concrete objects;","TEKS required","unmapped","","","https://tea.texas.gov/laws-and-rules/sboe-rules-tac/sboe-tac-currently-effect/ch111a.pdf","2026-10-03"
"1.3D","1","Number and operations","Number and operations. The student applies mathematical process standards to develop and use strategies for whole number addition and subtraction computations in order to solve problems. The student is expected to:","apply basic fact strategies to add and subtract within 20, including making 10 and decomposing a number leading to a 10;","TEKS required","unmapped","","","https://tea.texas.gov/laws-and-rules/sboe-rules-tac/sboe-tac-currently-effect/ch111a.pdf","2026-10-03"
"1.3E","1","Number and operations","Number and operations. The student applies mathematical process standards to develop and use strategies for whole number addition and subtraction computations in order to solve problems. The student is expected to:","explain strategies used to solve addition and subtraction problems up to 20 using spoken words, objects, pictorial models, and number sentences; and","TEKS required","unmapped","","","https://tea.texas.gov/laws-and-rules/sboe-rules-tac/sboe-tac-currently-effect/ch111a.pdf","2026-10-03"
"1.3F","1","Number and operations","Number and operations. The student applies mathematical process standards to develop and use strategies for whole number addition and subtraction computations in order to solve problems. The student is expected to:","generate and solve problem situations when given a number sentence involving addition or subtraction of numbers within 20.","TEKS required","unmapped","","","https://tea.texas.gov/laws-and-rules/sboe-rules-tac/sboe-tac-currently-effect/ch111a.pdf","2026-10-03"
"1.4A","1","Number and operations","Number and operations. The student applies mathematical process standards to identify coins, their values, and the relationships among them in order to recognize the need for monetary transactions. The student is expected to:","identify U.S. coins, including pennies, nickels, dimes, and quarters, by value and describe the relationships among them;","TEKS required","unmapped","","","https://tea.texas.gov/laws-and-rules/sboe-rules-tac/sboe-tac-currently-effect/ch111a.pdf","2026-10-03"
"1.4B","1","Number and operations","Number and operations. The student applies mathematical process standards to identify coins, their values, and the relationships among them in order to recognize the need for monetary transactions. The student is expected to:","write a number with the cent symbol to describe the value of a coin; and","TEKS required","unmapped","","","https://tea.texas.gov/laws-and-rules/sboe-rules-tac/sboe-tac-currently-effect/ch111a.pdf","2026-10-03"
"1.4C","1","Number and operations","Number and operations. The student applies mathematical process standards to identify coins, their values, and the relationships among them in order to recognize the need for monetary transactions. The student is expected to:","use relationships to count by twos, fives, and tens to determine the value of a collection of pennies, nickels, and/or dimes.","TEKS required","unmapped","","","https://tea.texas.gov/laws-and-rules/sboe-rules-tac/sboe-tac-currently-effect/ch111a.pdf","2026-10-03"
"1.5A","1","Algebraic reasoning","Algebraic reasoning. The student applies mathematical process standards to identify and apply number patterns within properties of numbers and operations in order to describe relationships. The student is expected to:","recite numbers forward and backward from any given number between 1 and 120;","TEKS required","unmapped","","","https://tea.texas.gov/laws-and-rules/sboe-rules-tac/sboe-tac-currently-effect/ch111a.pdf","2026-10-03"
"1.5B","1","Algebraic reasoning","Algebraic reasoning. The student applies mathematical process standards to identify and apply number patterns within properties of numbers and operations in order to describe relationships. The student is expected to:","skip count by twos, fives, and tens to determine the total number of objects up to 120 in a set;","TEKS required","unmapped","","","https://tea.texas.gov/laws-and-rules/sboe-rules-tac/sboe-tac-currently-effect/ch111a.pdf","2026-10-03"
"1.5C","1","Algebraic reasoning","Algebraic reasoning. The student applies mathematical process standards to identify and apply number patterns within properties of numbers and operations in order to describe relationships. The student is expected to:","use relationships to determine the number that is 10 more and 10 less than a given number up to 120;","TEKS required","unmapped","","","https://tea.texas.gov/laws-and-rules/sboe-rules-tac/sboe-tac-currently-effect/ch111a.pdf","2026-10-03"
"1.5D","1","Algebraic reasoning","Algebraic reasoning. The student applies mathematical process standards to identify and apply number patterns within properties of numbers and operations in order to describe relationships. The student is expected to:","represent word problems involving addition and subtraction of whole numbers up to 20 using concrete and pictorial models and number sentences;","TEKS required","unmapped","","","https://tea.texas.gov/laws-and-rules/sboe-rules-tac/sboe-tac-currently-effect/ch111a.pdf","2026-10-03"
"1.5E","1","Algebraic reasoning","Algebraic reasoning. The student applies mathematical process standards to identify and apply number patterns within properties of numbers and operations in order to describe relationships. The student is expected to:","understand that the equal sign represents a relationship where expressions on each side of the equal sign represent the same value(s);","TEKS required","unmapped","","","https://tea.texas.gov/laws-and-rules/sboe-rules-tac/sboe-tac-currently-effect/ch111a.pdf","2026-10-03"
"1.5F","1","Algebraic reasoning","Algebraic reasoning. The student applies mathematical process standards to identify and apply number patterns within properties of numbers and operations in order to describe relationships. The student is expected to:","determine the unknown whole number in an addition or subtraction equation when the unknown may be any one of the three or four terms in the equation; and","TEKS required","unmapped","","","https://tea.texas.gov/laws-and-rules/sboe-rules-tac/sboe-tac-currently-effect/ch111a.pdf","2026-10-03"
"1.5G","1","Algebraic reasoning","Algebraic reasoning. The student applies mathematical process standards to identify and apply number patterns within properties of numbers and operations in order to describe relationships. The student is expected to:","apply properties of operations to add and subtract two or three numbers.","TEKS required","unmapped","","","https://tea.texas.gov/laws-and-rules/sboe-rules-tac/sboe-tac-currently-effect/ch111a.pdf","2026-10-03"
"1.6A","1","Geometry and measurement","Geometry and measurement. The student applies mathematical process standards to analyze attributes of two-dimensional shapes and three-dimensional solids to develop generalizations about their properties. The student is expected to:","classify and sort regular and irregular two-dimensional shapes based on attributes using informal geometric language;","TEKS required","unmapped","","","https://tea.texas.gov/laws-and-rules/sboe-rules-tac/sboe-tac-currently-effect/ch111a.pdf","2026-10-03"
"1.6B","1","Geometry and measurement","Geometry and measurement. The student applies mathematical process standards to analyze attributes of two-dimensional shapes and three-dimensional solids to develop generalizations about their properties. The student is expected to:","distinguish between attributes that define a two-dimensional or three-dimensional figure and attributes that do not define the shape;","TEKS required","unmapped","","","https://tea.texas.gov/laws-and-rules/sboe-rules-tac/sboe-tac-currently-effect/ch111a.pdf","2026-10-03"
"1.6C","1","Geometry and measurement","Geometry and measurement. The student applies mathematical process standards to analyze attributes of two-dimensional shapes and three-dimensional solids to develop generalizations about their properties. The student is expected to:","create two-dimensional figures, including circles, triangles, rectangles, and squares, as special rectangles, rhombuses, and hexagons;","TEKS required","unmapped","","","https://tea.texas.gov/laws-and-rules/sboe-rules-tac/sboe-tac-currently-effect/ch111a.pdf","2026-10-03"
"1.6D","1","Geometry and measurement","Geometry and measurement. The student applies mathematical process standards to analyze attributes of two-dimensional shapes and three-dimensional solids to develop generalizations about their properties. The student is expected to:","identify two-dimensional shapes, including circles, triangles, rectangles, and squares, as special rectangles, rhombuses, and hexagons and describe their attributes using formal geometric language;","TEKS required","unmapped","","","https://tea.texas.gov/laws-and-rules/sboe-rules-tac/sboe-tac-currently-effect/ch111a.pdf","2026-10-03"
"1.6E","1","Geometry and measurement","Geometry and measurement. The student applies mathematical process standards to analyze attributes of two-dimensional shapes and three-dimensional solids to develop generalizations about their properties. The student is expected to:","identify three-dimensional solids, including spheres, cones, cylinders, rectangular prisms (including cubes), and triangular prisms, and describe their attributes using formal geometric language;","TEKS required","unmapped","","","https://tea.texas.gov/laws-and-rules/sboe-rules-tac/sboe-tac-currently-effect/ch111a.pdf","2026-10-03"
"1.6F","1","Geometry and measurement","Geometry and measurement. The student applies mathematical process standards to analyze attributes of two-dimensional shapes and three-dimensional solids to develop generalizations about their properties. The student is expected to:","compose two-dimensional shapes by joining two, three, or four figures to produce a target shape in more than one way if possible;","TEKS required","unmapped","","","https://tea.texas.gov/laws-and-rules/sboe-rules-tac/sboe-tac-currently-effect/ch111a.pdf","2026-10-03"
"1.6G","1","Geometry and measurement","Geometry and measurement. The student applies mathematical process standards to analyze attributes of two-dimensional shapes and three-dimensional solids to develop generalizations about their properties. The student is expected to:","partition two-dimensional figures into two and four fair shares or equal parts and describe the parts using words; and","TEKS required","unmapped","","","https://tea.texas.gov/laws-and-rules/sboe-rules-tac/sboe-tac-currently-effect/ch111a.pdf","2026-10-03"
"1.6H","1","Geometry and measurement","Geometry and measurement. The student applies mathematical process standards to analyze attributes of two-dimensional shapes and three-dimensional solids to develop generalizations about their properties. The student is expected to:","identify examples and non-examples of halves and fourths.","TEKS required","unmapped","","","https://tea.texas.gov/laws-and-rules/sboe-rules-tac/sboe-tac-currently-effect/ch111a.pdf","2026-10-03"
"1.7A","1","Geometry and measurement","Geometry and measurement. The student applies mathematical process standards to select and use units to describe length and time. The student is expected to:","use measuring tools to measure the length of objects to reinforce the continuous nature of linear measurement;","TEKS required","unmapped","","","https://tea.texas.gov/laws-and-rules/sboe-rules-tac/sboe-tac-currently-effect/ch111a.pdf","2026-10-03"
"1.7B","1","Geometry and measurement","Geometry and measurement. The student applies mathematical process standards to select and use units to describe length and time. The student is expected to:","illustrate that the length of an object is the number of same-size units of length that, when laid end-to-end with no gaps or overlaps, reach from one end of the object to the other;","TEKS required","unmapped","","","https://tea.texas.gov/laws-and-rules/sboe-rules-tac/sboe-tac-currently-effect/ch111a.pdf","2026-10-03"
"1.7C","1","Geometry and measurement","Geometry and measurement. The student applies mathematical process standards to select and use units to describe length and time. The student is expected to:","measure the same object/distance with units of two different lengths and describe how and why the measurements differ;","TEKS required","unmapped","","","https://tea.texas.gov/laws-and-rules/sboe-rules-tac/sboe-tac-currently-effect/ch111a.pdf","2026-10-03"
"1.7D","1","Geometry and measurement","Geometry and measurement. The student applies mathematical process standards to select and use units to describe length and time. The student is expected to:","describe a length to the nearest whole unit using a number and a unit; and","TEKS required","unmapped","","","https://tea.texas.gov/laws-and-rules/sboe-rules-tac/sboe-tac-currently-effect/ch111a.pdf","2026-10-03"
"1.7E","1","Geometry and measurement","Geometry and measurement. The student applies mathematical process standards to select and use units to describe length and time. The student is expected to:","tell time to the hour and half hour using analog and digital clocks.","TEKS required","unmapped","","","https://tea.texas.gov/laws-and-rules/sboe-rules-tac/sboe-tac-currently-effect/ch111a.pdf","2026-10-03"
"1.8A","1","Data analysis","Data analysis. The student applies mathematical process standards to organize data to make it useful for interpreting information and solving problems. The student is expected to:","collect, sort, and organize data in up to three categories using models/representations such as tally marks or T-charts;","TEKS required","unmapped","","","https://tea.texas.gov/laws-and-rules/sboe-rules-tac/sboe-tac-currently-effect/ch111a.pdf","2026-10-03"
"1.8B","1","Data analysis","Data analysis. The student applies mathematical process standards to organize data to make it useful for interpreting information and solving problems. The student is expected to:","use data to create picture and bar-type graphs; and","TEKS required","unmapped","","","https://tea.texas.gov/laws-and-rules/sboe-rules-tac/sboe-tac-currently-effect/ch111a.pdf","2026-10-03"
"1.8C","1","Data analysis","Data analysis. The student applies mathematical process standards to organize data to make it useful for interpreting information and solving problems. The student is expected to:","draw conclusions and generate and answer questions using information from picture and bar-type graphs.","TEKS required","unmapped","","","https://tea.texas.gov/laws-and-rules/sboe-rules-tac/sboe-tac-currently-effect/ch111a.pdf","2026-10-03"
"1.9A","1","Personal financial literacy","Personal financial literacy. The student applies mathematical process standards to manage one's financial resources effectively for lifetime financial security. The student is expected to:","define money earned as income;","TEKS required","unmapped","","","https://tea.texas.gov/laws-and-rules/sboe-rules-tac/sboe-tac-currently-effect/ch111a.pdf","2026-10-03"
"1.9B","1","Personal financial literacy","Personal financial literacy. The student applies mathematical process standards to manage one's financial resources effectively for lifetime financial security. The student is expected to:","identify income as a means of obtaining goods and services, oftentimes making choices between wants and needs;","TEKS required","unmapped","","","https://tea.texas.gov/laws-and-rules/sboe-rules-tac/sboe-tac-currently-effect/ch111a.pdf","2026-10-03"
"1.9C","1","Personal financial literacy","Personal financial literacy. The student applies mathematical process standards to manage one's financial resources effectively for lifetime financial security. The student is expected to:","distinguish between spending and saving; and","TEKS required","unmapped","","","https://tea.texas.gov/laws-and-rules/sboe-rules-tac/sboe-tac-currently-effect/ch111a.pdf","2026-10-03"
"1.9D","1","Personal financial literacy","Personal financial literacy. The student applies mathematical process standards to manage one's financial resources effectively for lifetime financial security. The student is expected to:","consider charitable giving.","TEKS required","unmapped","","","https://tea.texas.gov/laws-and-rules/sboe-rules-tac/sboe-tac-currently-effect/ch111a.pdf","2026-10-03"
"2.1A","2","Mathematical process standards","Mathematical process standards. The student uses mathematical processes to acquire and demonstrate mathematical understanding. The student is expected to:","apply mathematics to problems arising in everyday life, society, and the workplace;","TEKS required","unmapped","","","https://tea.texas.gov/laws-and-rules/sboe-rules-tac/sboe-tac-currently-effect/ch111a.pdf","2026-10-03"
"2.1B","2","Mathematical process standards","Mathematical process standards. The student uses mathematical processes to acquire and demonstrate mathematical understanding. The student is expected to:","use a problem-solving model that incorporates analyzing given information, formulating a plan or strategy, determining a solution, justifying the solution, and evaluating the problem-solving process and the reasonableness of the solution;","TEKS required","unmapped","","","https://tea.texas.gov/laws-and-rules/sboe-rules-tac/sboe-tac-currently-effect/ch111a.pdf","2026-10-03"
"2.1C","2","Mathematical process standards","Mathematical process standards. The student uses mathematical processes to acquire and demonstrate mathematical understanding. The student is expected to:","select tools, including real objects, manipulatives, paper and pencil, and technology as appropriate, and techniques, including mental math, estimation, and number sense as appropriate, to solve problems;","TEKS required","unmapped","","","https://tea.texas.gov/laws-and-rules/sboe-rules-tac/sboe-tac-currently-effect/ch111a.pdf","2026-10-03"
"2.1D","2","Mathematical process standards","Mathematical process standards. The student uses mathematical processes to acquire and demonstrate mathematical understanding. The student is expected to:","communicate mathematical ideas, reasoning, and their implications using multiple representations, including symbols, diagrams, graphs, and language as appropriate;","TEKS required","unmapped","","","https://tea.texas.gov/laws-and-rules/sboe-rules-tac/sboe-tac-currently-effect/ch111a.pdf","2026-10-03"
"2.1E","2","Mathematical process standards","Mathematical process standards. The student uses mathematical processes to acquire and demonstrate mathematical understanding. The student is expected to:","create and use representations to organize, record, and communicate mathematical ideas;","TEKS required","unmapped","","","https://tea.texas.gov/laws-and-rules/sboe-rules-tac/sboe-tac-currently-effect/ch111a.pdf","2026-10-03"
"2.1F","2","Mathematical process standards","Mathematical process standards. The student uses mathematical processes to acquire and demonstrate mathematical understanding. The student is expected to:","analyze mathematical relationships to connect and communicate mathematical ideas; and","TEKS required","unmapped","","","https://tea.texas.gov/laws-and-rules/sboe-rules-tac/sboe-tac-currently-effect/ch111a.pdf","2026-10-03"
"2.1G","2","Mathematical process standards","Mathematical process standards. The student uses mathematical processes to acquire and demonstrate mathematical understanding. The student is expected to:","display, explain, and justify mathematical ideas and arguments using precise mathematical language in written or oral communication.","TEKS required","unmapped","","","https://tea.texas.gov/laws-and-rules/sboe-rules-tac/sboe-tac-currently-effect/ch111a.pdf","2026-10-03"
"2.2A","2","Number and operations","Number and operations. The student applies mathematical process standards to understand how to represent and compare whole numbers, the relative position and magnitude of whole numbers, and relationships within the numeration system related to place value. The student is expected to:","use concrete and pictorial models to compose and decompose numbers up to 1,200 in more than one way as a sum of so many thousands, hundreds, tens, and ones;","TEKS required","unmapped","","","https://tea.texas.gov/laws-and-rules/sboe-rules-tac/sboe-tac-currently-effect/ch111a.pdf","2026-10-03"
"2.2B","2","Number and operations","Number and operations. The student applies mathematical process standards to understand how to represent and compare whole numbers, the relative position and magnitude of whole numbers, and relationships within the numeration system related to place value. The student is expected to:","use standard, word, and expanded forms to represent numbers up to 1,200;","TEKS required","unmapped","","","https://tea.texas.gov/laws-and-rules/sboe-rules-tac/sboe-tac-currently-effect/ch111a.pdf","2026-10-03"
"2.2C","2","Number and operations","Number and operations. The student applies mathematical process standards to understand how to represent and compare whole numbers, the relative position and magnitude of whole numbers, and relationships within the numeration system related to place value. The student is expected to:","generate a number that is greater than or less than a given whole number up to 1,200;","TEKS required","unmapped","","","https://tea.texas.gov/laws-and-rules/sboe-rules-tac/sboe-tac-currently-effect/ch111a.pdf","2026-10-03"
"2.2D","2","Number and operations","Number and operations. The student applies mathematical process standards to understand how to represent and compare whole numbers, the relative position and magnitude of whole numbers, and relationships within the numeration system related to place value. The student is expected to:","use place value to compare and order whole numbers up to 1,200 using comparative language, numbers, and symbols (>, <, or =);","TEKS required","unmapped","","","https://tea.texas.gov/laws-and-rules/sboe-rules-tac/sboe-tac-currently-effect/ch111a.pdf","2026-10-03"
"2.2E","2","Number and operations","Number and operations. The student applies mathematical process standards to understand how to represent and compare whole numbers, the relative position and magnitude of whole numbers, and relationships within the numeration system related to place value. The student is expected to:","locate the position of a given whole number on an open number line; and","TEKS required","unmapped","","","https://tea.texas.gov/laws-and-rules/sboe-rules-tac/sboe-tac-currently-effect/ch111a.pdf","2026-10-03"
"2.2F","2","Number and operations","Number and operations. The student applies mathematical process standards to understand how to represent and compare whole numbers, the relative position and magnitude of whole numbers, and relationships within the numeration system related to place value. The student is expected to:","name the whole number that corresponds to a specific point on a number line.","TEKS required","unmapped","","","https://tea.texas.gov/laws-and-rules/sboe-rules-tac/sboe-tac-currently-effect/ch111a.pdf","2026-10-03"
"2.3A","2","Number and operations","Number and operations. The student applies mathematical process standards to recognize and represent fractional units and communicates how they are used to name parts of a whole. The student is expected to:","partition objects into equal parts and name the parts, including halves, fourths, and eighths, using words;","TEKS required","unmapped","","","https://tea.texas.gov/laws-and-rules/sboe-rules-tac/sboe-tac-currently-effect/ch111a.pdf","2026-10-03"
"2.3B","2","Number and operations","Number and operations. The student applies mathematical process standards to recognize and represent fractional units and communicates how they are used to name parts of a whole. The student is expected to:","explain that the more fractional parts used to make a whole, the smaller the part; and the fewer the fractional parts, the larger the part;","TEKS required","unmapped","","","https://tea.texas.gov/laws-and-rules/sboe-rules-tac/sboe-tac-currently-effect/ch111a.pdf","2026-10-03"
"2.3C","2","Number and operations","Number and operations. The student applies mathematical process standards to recognize and represent fractional units and communicates how they are used to name parts of a whole. The student is expected to:","use concrete models to count fractional parts beyond one whole using words and recognize how many parts it takes to equal one whole; and","TEKS required","unmapped","","","https://tea.texas.gov/laws-and-rules/sboe-rules-tac/sboe-tac-currently-effect/ch111a.pdf","2026-10-03"
"2.3D","2","Number and operations","Number and operations. The student applies mathematical process standards to recognize and represent fractional units and communicates how they are used to name parts of a whole. The student is expected to:","identify examples and non-examples of halves, fourths, and eighths.","TEKS required","unmapped","","","https://tea.texas.gov/laws-and-rules/sboe-rules-tac/sboe-tac-currently-effect/ch111a.pdf","2026-10-03"
"2.4A","2","Number and operations","Number and operations. The student applies mathematical process standards to develop and use strategies and methods for whole number computations in order to solve addition and subtraction problems with efficiency and accuracy. The student is expected to:","recall basic facts to add and subtract within 20 with automaticity;","TEKS required","unmapped","","","https://tea.texas.gov/laws-and-rules/sboe-rules-tac/sboe-tac-currently-effect/ch111a.pdf","2026-10-03"
"2.4B","2","Number and operations","Number and operations. The student applies mathematical process standards to develop and use strategies and methods for whole number computations in order to solve addition and subtraction problems with efficiency and accuracy. The student is expected to:","add up to four two-digit numbers and subtract two-digit numbers using mental strategies and algorithms based on knowledge of place value and properties of operations;","TEKS required","unmapped","","","https://tea.texas.gov/laws-and-rules/sboe-rules-tac/sboe-tac-currently-effect/ch111a.pdf","2026-10-03"
"2.4C","2","Number and operations","Number and operations. The student applies mathematical process standards to develop and use strategies and methods for whole number computations in order to solve addition and subtraction problems with efficiency and accuracy. The student is expected to:","solve one-step and multi-step word problems involving addition and subtraction within 1,000 using a variety of strategies based on place value, including algorithms; and","TEKS required","unmapped","","","https://tea.texas.gov/laws-and-rules/sboe-rules-tac/sboe-tac-currently-effect/ch111a.pdf","2026-10-03"
"2.4D","2","Number and operations","Number and operations. The student applies mathematical process standards to develop and use strategies and methods for whole number computations in order to solve addition and subtraction problems with efficiency and accuracy. The student is expected to:","generate and solve problem situations for a given mathematical number sentence involving addition and subtraction of whole numbers within 1,000.","TEKS required","unmapped","","","https://tea.texas.gov/laws-and-rules/sboe-rules-tac/sboe-tac-currently-effect/ch111a.pdf","2026-10-03"
"2.5A","2","Number and operations","Number and operations. The student applies mathematical process standards to determine the value of coins in order to solve monetary transactions. The student is expected to:","determine the value of a collection of coins up to one dollar; and","TEKS required","unmapped","","","https://tea.texas.gov/laws-and-rules/sboe-rules-tac/sboe-tac-currently-effect/ch111a.pdf","2026-10-03"
"2.5B","2","Number and operations","Number and operations. The student applies mathematical process standards to determine the value of coins in order to solve monetary transactions. The student is expected to:","use the cent symbol, dollar sign, and the decimal point to name the value of a collection of coins.","TEKS required","unmapped","","","https://tea.texas.gov/laws-and-rules/sboe-rules-tac/sboe-tac-currently-effect/ch111a.pdf","2026-10-03"
"2.6A","2","Number and operations","Number and operations. The student applies mathematical process standards to connect repeated addition and subtraction to multiplication and division situations that involve equal groupings and shares. The student is expected to:","model, create, and describe contextual multiplication situations in which equivalent sets of concrete objects are joined; and","TEKS required","pilot planned","multiplication-relationships","","https://tea.texas.gov/laws-and-rules/sboe-rules-tac/sboe-tac-currently-effect/ch111a.pdf","2026-10-03"
"2.6B","2","Number and operations","Number and operations. The student applies mathematical process standards to connect repeated addition and subtraction to multiplication and division situations that involve equal groupings and shares. The student is expected to:","model, create, and describe contextual division situations in which a set of concrete objects is separated into equivalent sets.","TEKS required","pilot planned","multiplication-relationships","","https://tea.texas.gov/laws-and-rules/sboe-rules-tac/sboe-tac-currently-effect/ch111a.pdf","2026-10-03"
"2.7A","2","Algebraic reasoning","Algebraic reasoning. The student applies mathematical process standards to identify and apply number patterns within properties of numbers and operations in order to describe relationships. The student is expected to:","determine whether a number up to 40 is even or odd using pairings of objects to represent the number;","TEKS required","unmapped","","","https://tea.texas.gov/laws-and-rules/sboe-rules-tac/sboe-tac-currently-effect/ch111a.pdf","2026-10-03"
"2.7B","2","Algebraic reasoning","Algebraic reasoning. The student applies mathematical process standards to identify and apply number patterns within properties of numbers and operations in order to describe relationships. The student is expected to:","use an understanding of place value to determine the number that is 10 or 100 more or less than a given number up to 1,200; and","TEKS required","unmapped","","","https://tea.texas.gov/laws-and-rules/sboe-rules-tac/sboe-tac-currently-effect/ch111a.pdf","2026-10-03"
"2.7C","2","Algebraic reasoning","Algebraic reasoning. The student applies mathematical process standards to identify and apply number patterns within properties of numbers and operations in order to describe relationships. The student is expected to:","represent and solve addition and subtraction word problems where unknowns may be any one of the terms in the problem.","TEKS required","unmapped","","","https://tea.texas.gov/laws-and-rules/sboe-rules-tac/sboe-tac-currently-effect/ch111a.pdf","2026-10-03"
"2.8A","2","Geometry and measurement","Geometry and measurement. The student applies mathematical process standards to analyze attributes of two-dimensional shapes and three-dimensional solids to develop generalizations about their properties. The student is expected to:","create two-dimensional shapes based on given attributes, including number of sides and vertices;","TEKS required","unmapped","","","https://tea.texas.gov/laws-and-rules/sboe-rules-tac/sboe-tac-currently-effect/ch111a.pdf","2026-10-03"
"2.8B","2","Geometry and measurement","Geometry and measurement. The student applies mathematical process standards to analyze attributes of two-dimensional shapes and three-dimensional solids to develop generalizations about their properties. The student is expected to:","classify and sort three-dimensional solids, including spheres, cones, cylinders, rectangular prisms (including cubes as special rectangular prisms), and triangular prisms, based on attributes using formal geometric language;","TEKS required","unmapped","","","https://tea.texas.gov/laws-and-rules/sboe-rules-tac/sboe-tac-currently-effect/ch111a.pdf","2026-10-03"
"2.8C","2","Geometry and measurement","Geometry and measurement. The student applies mathematical process standards to analyze attributes of two-dimensional shapes and three-dimensional solids to develop generalizations about their properties. The student is expected to:","classify and sort polygons with 12 or fewer sides according to attributes, including identifying the number of sides and number of vertices;","TEKS required","unmapped","","","https://tea.texas.gov/laws-and-rules/sboe-rules-tac/sboe-tac-currently-effect/ch111a.pdf","2026-10-03"
"2.8D","2","Geometry and measurement","Geometry and measurement. The student applies mathematical process standards to analyze attributes of two-dimensional shapes and three-dimensional solids to develop generalizations about their properties. The student is expected to:","compose two-dimensional shapes and three-dimensional solids with given properties or attributes; and","TEKS required","unmapped","","","https://tea.texas.gov/laws-and-rules/sboe-rules-tac/sboe-tac-currently-effect/ch111a.pdf","2026-10-03"
"2.8E","2","Geometry and measurement","Geometry and measurement. The student applies mathematical process standards to analyze attributes of two-dimensional shapes and three-dimensional solids to develop generalizations about their properties. The student is expected to:","decompose two-dimensional shapes such as cutting out a square from a rectangle, dividing a shape in half, or partitioning a rectangle into identical triangles and identify the resulting geometric parts.","TEKS required","unmapped","","","https://tea.texas.gov/laws-and-rules/sboe-rules-tac/sboe-tac-currently-effect/ch111a.pdf","2026-10-03"
"2.9A","2","Geometry and measurement","Geometry and measurement. The student applies mathematical process standards to select and use units to describe length, area, and time. The student is expected to:","find the length of objects using concrete models for standard units of length;","TEKS required","unmapped","","","https://tea.texas.gov/laws-and-rules/sboe-rules-tac/sboe-tac-currently-effect/ch111a.pdf","2026-10-03"
"2.9B","2","Geometry and measurement","Geometry and measurement. The student applies mathematical process standards to select and use units to describe length, area, and time. The student is expected to:","describe the inverse relationship between the size of the unit and the number of units needed to equal the length of an object;","TEKS required","unmapped","","","https://tea.texas.gov/laws-and-rules/sboe-rules-tac/sboe-tac-currently-effect/ch111a.pdf","2026-10-03"
"2.9C","2","Geometry and measurement","Geometry and measurement. The student applies mathematical process standards to select and use units to describe length, area, and time. The student is expected to:","represent whole numbers as distances from any given location on a number line;","TEKS required","unmapped","","","https://tea.texas.gov/laws-and-rules/sboe-rules-tac/sboe-tac-currently-effect/ch111a.pdf","2026-10-03"
"2.9D","2","Geometry and measurement","Geometry and measurement. The student applies mathematical process standards to select and use units to describe length, area, and time. The student is expected to:","determine the length of an object to the nearest marked unit using rulers, yardsticks, meter sticks, or measuring tapes;","TEKS required","unmapped","","","https://tea.texas.gov/laws-and-rules/sboe-rules-tac/sboe-tac-currently-effect/ch111a.pdf","2026-10-03"
"2.9E","2","Geometry and measurement","Geometry and measurement. The student applies mathematical process standards to select and use units to describe length, area, and time. The student is expected to:","determine a solution to a problem involving length, including estimating lengths;","TEKS required","unmapped","","","https://tea.texas.gov/laws-and-rules/sboe-rules-tac/sboe-tac-currently-effect/ch111a.pdf","2026-10-03"
"2.9F","2","Geometry and measurement","Geometry and measurement. The student applies mathematical process standards to select and use units to describe length, area, and time. The student is expected to:","use concrete models of square units to find the area of a rectangle by covering it with no gaps or overlaps, counting to find the total number of square units, and describing the measurement using a number and the unit; and","TEKS required","unmapped","","","https://tea.texas.gov/laws-and-rules/sboe-rules-tac/sboe-tac-currently-effect/ch111a.pdf","2026-10-03"
"2.9G","2","Geometry and measurement","Geometry and measurement. The student applies mathematical process standards to select and use units to describe length, area, and time. The student is expected to:","read and write time to the nearest one-minute increment using analog and digital clocks and distinguish between a.m. and p.m.","TEKS required","unmapped","","","https://tea.texas.gov/laws-and-rules/sboe-rules-tac/sboe-tac-currently-effect/ch111a.pdf","2026-10-03"
"2.10A","2","Data analysis","Data analysis. The student applies mathematical process standards to organize data to make it useful for interpreting information and solving problems. The student is expected to:","explain that the length of a bar in a bar graph or the number of pictures in a pictograph represents the number of data points for a given category;","TEKS required","unmapped","","","https://tea.texas.gov/laws-and-rules/sboe-rules-tac/sboe-tac-currently-effect/ch111a.pdf","2026-10-03"
"2.10B","2","Data analysis","Data analysis. The student applies mathematical process standards to organize data to make it useful for interpreting information and solving problems. The student is expected to:","organize a collection of data with up to four categories using pictographs and bar graphs with intervals of one or more;","TEKS required","unmapped","","","https://tea.texas.gov/laws-and-rules/sboe-rules-tac/sboe-tac-currently-effect/ch111a.pdf","2026-10-03"
"2.10C","2","Data analysis","Data analysis. The student applies mathematical process standards to organize data to make it useful for interpreting information and solving problems. The student is expected to:","write and solve one-step word problems involving addition or subtraction using data represented within pictographs and bar graphs with intervals of one; and","TEKS required","unmapped","","","https://tea.texas.gov/laws-and-rules/sboe-rules-tac/sboe-tac-currently-effect/ch111a.pdf","2026-10-03"
"2.10D","2","Data analysis","Data analysis. The student applies mathematical process standards to organize data to make it useful for interpreting information and solving problems. The student is expected to:","draw conclusions and make predictions from information in a graph.","TEKS required","unmapped","","","https://tea.texas.gov/laws-and-rules/sboe-rules-tac/sboe-tac-currently-effect/ch111a.pdf","2026-10-03"
"2.11A","2","Personal financial literacy","Personal financial literacy. The student applies mathematical process standards to manage one's financial resources effectively for lifetime financial security. The student is expected to:","calculate how money saved can accumulate into a larger amount over time;","TEKS required","unmapped","","","https://tea.texas.gov/laws-and-rules/sboe-rules-tac/sboe-tac-currently-effect/ch111a.pdf","2026-10-03"
"2.11B","2","Personal financial literacy","Personal financial literacy. The student applies mathematical process standards to manage one's financial resources effectively for lifetime financial security. The student is expected to:","explain that saving is an alternative to spending;","TEKS required","unmapped","","","https://tea.texas.gov/laws-and-rules/sboe-rules-tac/sboe-tac-currently-effect/ch111a.pdf","2026-10-03"
"2.11C","2","Personal financial literacy","Personal financial literacy. The student applies mathematical process standards to manage one's financial resources effectively for lifetime financial security. The student is expected to:","distinguish between a deposit and a withdrawal;","TEKS required","unmapped","","","https://tea.texas.gov/laws-and-rules/sboe-rules-tac/sboe-tac-currently-effect/ch111a.pdf","2026-10-03"
"2.11D","2","Personal financial literacy","Personal financial literacy. The student applies mathematical process standards to manage one's financial resources effectively for lifetime financial security. The student is expected to:","identify examples of borrowing and distinguish between responsible and irresponsible borrowing;","TEKS required","unmapped","","","https://tea.texas.gov/laws-and-rules/sboe-rules-tac/sboe-tac-currently-effect/ch111a.pdf","2026-10-03"
"2.11E","2","Personal financial literacy","Personal financial literacy. The student applies mathematical process standards to manage one's financial resources effectively for lifetime financial security. The student is expected to:","identify examples of lending and use concepts of benefits and costs to evaluate lending decisions; and","TEKS required","unmapped","","","https://tea.texas.gov/laws-and-rules/sboe-rules-tac/sboe-tac-currently-effect/ch111a.pdf","2026-10-03"
"2.11F","2","Personal financial literacy","Personal financial literacy. The student applies mathematical process standards to manage one's financial resources effectively for lifetime financial security. The student is expected to:","differentiate between producers and consumers and calculate the cost to produce a simple item.","TEKS required","unmapped","","","https://tea.texas.gov/laws-and-rules/sboe-rules-tac/sboe-tac-currently-effect/ch111a.pdf","2026-10-03"
"3.1A","3","Mathematical process standards","Mathematical process standards. The student uses mathematical processes to acquire and demonstrate mathematical understanding. The student is expected to:","apply mathematics to problems arising in everyday life, society, and the workplace;","TEKS required","unmapped","","","https://tea.texas.gov/laws-and-rules/sboe-rules-tac/sboe-tac-currently-effect/ch111a.pdf","2026-10-03"
"3.1B","3","Mathematical process standards","Mathematical process standards. The student uses mathematical processes to acquire and demonstrate mathematical understanding. The student is expected to:","use a problem-solving model that incorporates analyzing given information, formulating a plan or strategy, determining a solution, justifying the solution, and evaluating the problem-solving process and the reasonableness of the solution;","TEKS required","unmapped","","","https://tea.texas.gov/laws-and-rules/sboe-rules-tac/sboe-tac-currently-effect/ch111a.pdf","2026-10-03"
"3.1C","3","Mathematical process standards","Mathematical process standards. The student uses mathematical processes to acquire and demonstrate mathematical understanding. The student is expected to:","select tools, including real objects, manipulatives, paper and pencil, and technology as appropriate, and techniques, including mental math, estimation, and number sense as appropriate, to solve problems;","TEKS required","unmapped","","","https://tea.texas.gov/laws-and-rules/sboe-rules-tac/sboe-tac-currently-effect/ch111a.pdf","2026-10-03"
"3.1D","3","Mathematical process standards","Mathematical process standards. The student uses mathematical processes to acquire and demonstrate mathematical understanding. The student is expected to:","communicate mathematical ideas, reasoning, and their implications using multiple representations, including symbols, diagrams, graphs, and language as appropriate;","TEKS required","unmapped","","","https://tea.texas.gov/laws-and-rules/sboe-rules-tac/sboe-tac-currently-effect/ch111a.pdf","2026-10-03"
"3.1E","3","Mathematical process standards","Mathematical process standards. The student uses mathematical processes to acquire and demonstrate mathematical understanding. The student is expected to:","create and use representations to organize, record, and communicate mathematical ideas;","TEKS required","unmapped","","","https://tea.texas.gov/laws-and-rules/sboe-rules-tac/sboe-tac-currently-effect/ch111a.pdf","2026-10-03"
"3.1F","3","Mathematical process standards","Mathematical process standards. The student uses mathematical processes to acquire and demonstrate mathematical understanding. The student is expected to:","analyze mathematical relationships to connect and communicate mathematical ideas; and","TEKS required","unmapped","","","https://tea.texas.gov/laws-and-rules/sboe-rules-tac/sboe-tac-currently-effect/ch111a.pdf","2026-10-03"
"3.1G","3","Mathematical process standards","Mathematical process standards. The student uses mathematical processes to acquire and demonstrate mathematical understanding. The student is expected to:","display, explain, and justify mathematical ideas and arguments using precise mathematical language in written or oral communication.","TEKS required","unmapped","","","https://tea.texas.gov/laws-and-rules/sboe-rules-tac/sboe-tac-currently-effect/ch111a.pdf","2026-10-03"
"3.2A","3","Number and operations","Number and operations. The student applies mathematical process standards to represent and compare whole numbers and understand relationships related to place value. The st udent is expected to:","compose and decompose numbers up to 100,000 as a sum of so many ten thousands, so many thousands, so many hundreds, so many tens, and so many ones using objects, pictorial models, and numbers, including expanded notation as appropriate;","TEKS required","unmapped","","","https://tea.texas.gov/laws-and-rules/sboe-rules-tac/sboe-tac-currently-effect/ch111a.pdf","2026-10-03"
"3.2B","3","Number and operations","Number and operations. The student applies mathematical process standards to represent and compare whole numbers and understand relationships related to place value. The st udent is expected to:","describe the mathematical relationships found in the base-10 place value system through the hundred thousands place;","TEKS required","unmapped","","","https://tea.texas.gov/laws-and-rules/sboe-rules-tac/sboe-tac-currently-effect/ch111a.pdf","2026-10-03"
"3.2C","3","Number and operations","Number and operations. The student applies mathematical process standards to represent and compare whole numbers and understand relationships related to place value. The st udent is expected to:","represent a number on a number line as being between two consecutive multiples of 10; 100; 1,000; or 10,000 and use words to describe relative size of numbers in order to round whole numbers; and","TEKS required","unmapped","","","https://tea.texas.gov/laws-and-rules/sboe-rules-tac/sboe-tac-currently-effect/ch111a.pdf","2026-10-03"
"3.2D","3","Number and operations","Number and operations. The student applies mathematical process standards to represent and compare whole numbers and understand relationships related to place value. The st udent is expected to:","compare and order whole numbers up to 100,000 and represent comparisons using the symbols >, <, or =.","TEKS required","unmapped","","","https://tea.texas.gov/laws-and-rules/sboe-rules-tac/sboe-tac-currently-effect/ch111a.pdf","2026-10-03"
"3.3A","3","Number and operations","Number and operations. The student applies mathematical process standards to represent and explain fractional units. The student is expected to:","represent fractions greater than zero and less than or equal to one with denominators of 2, 3, 4, 6, and 8 using concrete objects and pictorial models, including strip diagrams and number lines;","TEKS required","unmapped","","","https://tea.texas.gov/laws-and-rules/sboe-rules-tac/sboe-tac-currently-effect/ch111a.pdf","2026-10-03"
"3.3B","3","Number and operations","Number and operations. The student applies mathematical process standards to represent and explain fractional units. The student is expected to:","determine the corresponding fraction greater than zero and less than or equal to one with denominators of 2, 3, 4, 6, and 8 given a specified point on a number line;","TEKS required","unmapped","","","https://tea.texas.gov/laws-and-rules/sboe-rules-tac/sboe-tac-currently-effect/ch111a.pdf","2026-10-03"
"3.3C","3","Number and operations","Number and operations. The student applies mathematical process standards to represent and explain fractional units. The student is expected to:","explain that the unit fraction 1/b represents the quantity formed by one part of a whole that has been partitioned into b equal parts where b is a non-zero whole number;","TEKS required","unmapped","","","https://tea.texas.gov/laws-and-rules/sboe-rules-tac/sboe-tac-currently-effect/ch111a.pdf","2026-10-03"
"3.3D","3","Number and operations","Number and operations. The student applies mathematical process standards to represent and explain fractional units. The student is expected to:","compose and decompose a fraction a/b with a numerator greater than zero and less than or equal to b as a sum of parts 1/b;","TEKS required","unmapped","","","https://tea.texas.gov/laws-and-rules/sboe-rules-tac/sboe-tac-currently-effect/ch111a.pdf","2026-10-03"
"3.3E","3","Number and operations","Number and operations. The student applies mathematical process standards to represent and explain fractional units. The student is expected to:","solve problems involving partitioning an object or a set of objects among two or more recipients using pictorial representations of fractions with denominators of 2, 3, 4, 6, and 8;","TEKS required","unmapped","","","https://tea.texas.gov/laws-and-rules/sboe-rules-tac/sboe-tac-currently-effect/ch111a.pdf","2026-10-03"
"3.3F","3","Number and operations","Number and operations. The student applies mathematical process standards to represent and explain fractional units. The student is expected to:","represent equivalent fractions with denominators of 2, 3, 4, 6, and 8 using a variety of objects and pictorial models, including number lines;","TEKS required","unmapped","","","https://tea.texas.gov/laws-and-rules/sboe-rules-tac/sboe-tac-currently-effect/ch111a.pdf","2026-10-03"
"3.3G","3","Number and operations","Number and operations. The student applies mathematical process standards to represent and explain fractional units. The student is expected to:","explain that two fractions are equivalent if and only if they are both represented by the same point on the number line or represent the same portion of a same size whole for an area model; and","TEKS required","unmapped","","","https://tea.texas.gov/laws-and-rules/sboe-rules-tac/sboe-tac-currently-effect/ch111a.pdf","2026-10-03"
"3.3H","3","Number and operations","Number and operations. The student applies mathematical process standards to represent and explain fractional units. The student is expected to:","compare two fractions having the same numerator or denominator in problems by reasoning about their sizes and justifying the conclusion using symbols, words, objects, and pictorial models.","TEKS required","unmapped","","","https://tea.texas.gov/laws-and-rules/sboe-rules-tac/sboe-tac-currently-effect/ch111a.pdf","2026-10-03"
"3.4A","3","Number and operations","Number and operations. The student applies mathematical process standards to develop and use strategies and methods for whole number computations in order to solve problems with efficiency and accuracy. The student is expected to:","solve with fluency one-step and two-step problems involving addition and subtraction within 1,000 using strategies based on place value, properties of operations, and the relationship between addition and subtraction;","TEKS required","unmapped","","","https://tea.texas.gov/laws-and-rules/sboe-rules-tac/sboe-tac-currently-effect/ch111a.pdf","2026-10-03"
"3.4B","3","Number and operations","Number and operations. The student applies mathematical process standards to develop and use strategies and methods for whole number computations in order to solve problems with efficiency and accuracy. The student is expected to:","round to the nearest 10 or 100 or use compatible numbers to estimate solutions to addition and subtraction problems;","TEKS required","unmapped","","","https://tea.texas.gov/laws-and-rules/sboe-rules-tac/sboe-tac-currently-effect/ch111a.pdf","2026-10-03"
"3.4C","3","Number and operations","Number and operations. The student applies mathematical process standards to develop and use strategies and methods for whole number computations in order to solve problems with efficiency and accuracy. The student is expected to:","determine the value of a collection of coins and bills;","TEKS required","unmapped","","","https://tea.texas.gov/laws-and-rules/sboe-rules-tac/sboe-tac-currently-effect/ch111a.pdf","2026-10-03"
"3.4D","3","Number and operations","Number and operations. The student applies mathematical process standards to develop and use strategies and methods for whole number computations in order to solve problems with efficiency and accuracy. The student is expected to:","determine the total number of objects when equally-sized groups of objects are combined or arranged in arrays up to 10 by 10;","TEKS required","pilot planned","multiplication-relationships","","https://tea.texas.gov/laws-and-rules/sboe-rules-tac/sboe-tac-currently-effect/ch111a.pdf","2026-10-03"
"3.4E","3","Number and operations","Number and operations. The student applies mathematical process standards to develop and use strategies and methods for whole number computations in order to solve problems with efficiency and accuracy. The student is expected to:","represent multiplication facts by using a variety of approaches such as repeated addition, equal-sized groups, arrays, area models, equal jumps on a number line, and skip counting;","TEKS required","pilot planned","multiplication-relationships","","https://tea.texas.gov/laws-and-rules/sboe-rules-tac/sboe-tac-currently-effect/ch111a.pdf","2026-10-03"
"3.4F","3","Number and operations","Number and operations. The student applies mathematical process standards to develop and use strategies and methods for whole number computations in order to solve problems with efficiency and accuracy. The student is expected to:","recall facts to multiply up to 10 by 10 with automaticity and recall the corresponding division facts;","TEKS required","unmapped","","","https://tea.texas.gov/laws-and-rules/sboe-rules-tac/sboe-tac-currently-effect/ch111a.pdf","2026-10-03"
"3.4G","3","Number and operations","Number and operations. The student applies mathematical process standards to develop and use strategies and methods for whole number computations in order to solve problems with efficiency and accuracy. The student is expected to:","use strategies and algorithms, including the standard algorithm, to multiply a two-digit number by a one-digit number. Strategies may include mental math, partial products, and the commutative, associative, and distributive properties;","TEKS required","unmapped","","","https://tea.texas.gov/laws-and-rules/sboe-rules-tac/sboe-tac-currently-effect/ch111a.pdf","2026-10-03"
"3.4H","3","Number and operations","Number and operations. The student applies mathematical process standards to develop and use strategies and methods for whole number computations in order to solve problems with efficiency and accuracy. The student is expected to:","determine the number of objects in each group when a set of objects is partitioned into equal shares or a set of objects is shared equally;","TEKS required","unmapped","","","https://tea.texas.gov/laws-and-rules/sboe-rules-tac/sboe-tac-currently-effect/ch111a.pdf","2026-10-03"
"3.4I","3","Number and operations","Number and operations. The student applies mathematical process standards to develop and use strategies and methods for whole number computations in order to solve problems with efficiency and accuracy. The student is expected to:","determine if a number is even or odd using divisibility rules;","TEKS required","unmapped","","","https://tea.texas.gov/laws-and-rules/sboe-rules-tac/sboe-tac-currently-effect/ch111a.pdf","2026-10-03"
"3.4J","3","Number and operations","Number and operations. The student applies mathematical process standards to develop and use strategies and methods for whole number computations in order to solve problems with efficiency and accuracy. The student is expected to:","determine a quotient using the relationship between multiplication and division; and","TEKS required","pilot planned","multiplication-relationships","","https://tea.texas.gov/laws-and-rules/sboe-rules-tac/sboe-tac-currently-effect/ch111a.pdf","2026-10-03"
"3.4K","3","Number and operations","Number and operations. The student applies mathematical process standards to develop and use strategies and methods for whole number computations in order to solve problems with efficiency and accuracy. The student is expected to:","solve one-step and two-step problems involving multiplication and division within 100 using strategies based on objects; pictorial models, including arrays, area models, and equal groups; properties of operations; or recall of facts.","TEKS required","pilot planned","multiplication-relationships","","https://tea.texas.gov/laws-and-rules/sboe-rules-tac/sboe-tac-currently-effect/ch111a.pdf","2026-10-03"
"3.5A","3","Algebraic reasoning","Algebraic reasoning. The student applies mathematical process standards to analyze and create patterns and relationships. The student is expected to:","represent one- and two-step problems involving addition and subtraction of whole numbers to 1,000 using pictorial models, number lines, and equations;","TEKS required","unmapped","","","https://tea.texas.gov/laws-and-rules/sboe-rules-tac/sboe-tac-currently-effect/ch111a.pdf","2026-10-03"
"3.5B","3","Algebraic reasoning","Algebraic reasoning. The student applies mathematical process standards to analyze and create patterns and relationships. The student is expected to:","represent and solve one- and two-step multiplication and division problems within 100 using arrays, strip diagrams, and equations;","TEKS required","pilot planned","multiplication-relationships","","https://tea.texas.gov/laws-and-rules/sboe-rules-tac/sboe-tac-currently-effect/ch111a.pdf","2026-10-03"
"3.5C","3","Algebraic reasoning","Algebraic reasoning. The student applies mathematical process standards to analyze and create patterns and relationships. The student is expected to:","describe a multiplication expression as a comparison such as 3 x 24 represents 3 times as much as 24;","TEKS required","unmapped","","","https://tea.texas.gov/laws-and-rules/sboe-rules-tac/sboe-tac-currently-effect/ch111a.pdf","2026-10-03"
"3.5D","3","Algebraic reasoning","Algebraic reasoning. The student applies mathematical process standards to analyze and create patterns and relationships. The student is expected to:","determine the unknown whole number in a multiplication or division equation relating three whole numbers when the unknown is either a missing factor or product; and","TEKS required","pilot planned","multiplication-relationships","","https://tea.texas.gov/laws-and-rules/sboe-rules-tac/sboe-tac-currently-effect/ch111a.pdf","2026-10-03"
"3.5E","3","Algebraic reasoning","Algebraic reasoning. The student applies mathematical process standards to analyze and create patterns and relationships. The student is expected to:","represent real-world relationships using number pairs in a table and verbal descriptions.","TEKS required","unmapped","","","https://tea.texas.gov/laws-and-rules/sboe-rules-tac/sboe-tac-currently-effect/ch111a.pdf","2026-10-03"
"3.6A","3","Geometry and measurement","Geometry and measurement. The student applies mathematical process standards to analyze attributes of two-dimensional geometric figures to develop generalizations about their properties. The student is expected to:","classify and sort two- and three-dimensional figures, including cones, cylinders, spheres, triangular and rectangular prisms, and cubes, based on attributes using formal geometric language;","TEKS required","unmapped","","","https://tea.texas.gov/laws-and-rules/sboe-rules-tac/sboe-tac-currently-effect/ch111a.pdf","2026-10-03"
"3.6B","3","Geometry and measurement","Geometry and measurement. The student applies mathematical process standards to analyze attributes of two-dimensional geometric figures to develop generalizations about their properties. The student is expected to:","use attributes to recognize rhombuses, parallelograms, trapezoids, rectangles, and squares as examples of quadrilaterals and draw examples of quadrilaterals that do not belong to any of these subcategories;","TEKS required","unmapped","","","https://tea.texas.gov/laws-and-rules/sboe-rules-tac/sboe-tac-currently-effect/ch111a.pdf","2026-10-03"
"3.6C","3","Geometry and measurement","Geometry and measurement. The student applies mathematical process standards to analyze attributes of two-dimensional geometric figures to develop generalizations about their properties. The student is expected to:","determine the area of rectangles with whole number side lengths in problems using multiplication related to the number of rows times the number of unit squares in each row;","TEKS required","unmapped","","","https://tea.texas.gov/laws-and-rules/sboe-rules-tac/sboe-tac-currently-effect/ch111a.pdf","2026-10-03"
"3.6D","3","Geometry and measurement","Geometry and measurement. The student applies mathematical process standards to analyze attributes of two-dimensional geometric figures to develop generalizations about their properties. The student is expected to:","decompose composite figures formed by rectangles into non-overlapping rectangles to determine the area of the original figure using the additive property of area; and","TEKS required","unmapped","","","https://tea.texas.gov/laws-and-rules/sboe-rules-tac/sboe-tac-currently-effect/ch111a.pdf","2026-10-03"
"3.6E","3","Geometry and measurement","Geometry and measurement. The student applies mathematical process standards to analyze attributes of two-dimensional geometric figures to develop generalizations about their properties. The student is expected to:","decompose two congruent two-dimensional figures into parts with equal areas and express the area of each part as a unit fraction of the whole and recognize that equal shares of identical wholes need not have the same shape.","TEKS required","unmapped","","","https://tea.texas.gov/laws-and-rules/sboe-rules-tac/sboe-tac-currently-effect/ch111a.pdf","2026-10-03"
"3.7A","3","Geometry and measurement","Geometry and measurement. The student applies mathematical process standards to select appropriate units, strategies, and tools to solve problems involving customary and metric measurement. The student is expected to:","represent fractions of halves, fourths, and eighths as distances from zero on a number line;","TEKS required","unmapped","","","https://tea.texas.gov/laws-and-rules/sboe-rules-tac/sboe-tac-currently-effect/ch111a.pdf","2026-10-03"
"3.7B","3","Geometry and measurement","Geometry and measurement. The student applies mathematical process standards to select appropriate units, strategies, and tools to solve problems involving customary and metric measurement. The student is expected to:","determine the perimeter of a polygon or a missing length when given perimeter and remaining side lengths in problems;","TEKS required","unmapped","","","https://tea.texas.gov/laws-and-rules/sboe-rules-tac/sboe-tac-currently-effect/ch111a.pdf","2026-10-03"
"3.7C","3","Geometry and measurement","Geometry and measurement. The student applies mathematical process standards to select appropriate units, strategies, and tools to solve problems involving customary and metric measurement. The student is expected to:","determine the solutions to problems involving addition and subtraction of time intervals in minutes using pictorial models or tools such as a 15-minute event plus a 30-minute event equals 45 minutes;","TEKS required","unmapped","","","https://tea.texas.gov/laws-and-rules/sboe-rules-tac/sboe-tac-currently-effect/ch111a.pdf","2026-10-03"
"3.7D","3","Geometry and measurement","Geometry and measurement. The student applies mathematical process standards to select appropriate units, strategies, and tools to solve problems involving customary and metric measurement. The student is expected to:","determine when it is appropriate to use measurements of liquid volume (capacity) or weight; and","TEKS required","unmapped","","","https://tea.texas.gov/laws-and-rules/sboe-rules-tac/sboe-tac-currently-effect/ch111a.pdf","2026-10-03"
"3.7E","3","Geometry and measurement","Geometry and measurement. The student applies mathematical process standards to select appropriate units, strategies, and tools to solve problems involving customary and metric measurement. The student is expected to:","determine liquid volume (capacity) or weight using appropriate units and tools.","TEKS required","unmapped","","","https://tea.texas.gov/laws-and-rules/sboe-rules-tac/sboe-tac-currently-effect/ch111a.pdf","2026-10-03"
"3.8A","3","Data analysis","Data analysis. The student applies mathematical process standards to solve problems by collecting, organizing, displaying, and interpreting data. The student is expected to:","summarize a data set with multiple categories using a frequency table, dot plot, pictograph, or bar graph with scaled intervals; and","TEKS required","unmapped","","","https://tea.texas.gov/laws-and-rules/sboe-rules-tac/sboe-tac-currently-effect/ch111a.pdf","2026-10-03"
"3.8B","3","Data analysis","Data analysis. The student applies mathematical process standards to solve problems by collecting, organizing, displaying, and interpreting data. The student is expected to:","solve one- and two-step problems using categorical data represented with a frequency table, dot plot, pictograph, or bar graph with scaled intervals.","TEKS required","unmapped","","","https://tea.texas.gov/laws-and-rules/sboe-rules-tac/sboe-tac-currently-effect/ch111a.pdf","2026-10-03"
"3.9A","3","Personal financial literacy","Personal financial literacy. The student applies mathematical process standards to manage one's financial resources effectively for lifetime financial security. The student is expected to:","explain the connection between human capital/labor and income;","TEKS required","unmapped","","","https://tea.texas.gov/laws-and-rules/sboe-rules-tac/sboe-tac-currently-effect/ch111a.pdf","2026-10-03"
"3.9B","3","Personal financial literacy","Personal financial literacy. The student applies mathematical process standards to manage one's financial resources effectively for lifetime financial security. The student is expected to:","describe the relationship between the availability or scarcity of resources and how that impacts cost;","TEKS required","unmapped","","","https://tea.texas.gov/laws-and-rules/sboe-rules-tac/sboe-tac-currently-effect/ch111a.pdf","2026-10-03"
"3.9C","3","Personal financial literacy","Personal financial literacy. The student applies mathematical process standards to manage one's financial resources effectively for lifetime financial security. The student is expected to:","identify the costs and benefits of planned and unplanned spending decisions;","TEKS required","unmapped","","","https://tea.texas.gov/laws-and-rules/sboe-rules-tac/sboe-tac-currently-effect/ch111a.pdf","2026-10-03"
"3.9D","3","Personal financial literacy","Personal financial literacy. The student applies mathematical process standards to manage one's financial resources effectively for lifetime financial security. The student is expected to:","explain that credit is used when wants or needs exceed the ability to pay and that it is the borrower's responsibility to pay it back to the lender, usually with interest;","TEKS required","unmapped","","","https://tea.texas.gov/laws-and-rules/sboe-rules-tac/sboe-tac-currently-effect/ch111a.pdf","2026-10-03"
"3.9E","3","Personal financial literacy","Personal financial literacy. The student applies mathematical process standards to manage one's financial resources effectively for lifetime financial security. The student is expected to:","list reasons to save and explain the benefit of a savings plan, including for college; and","TEKS required","unmapped","","","https://tea.texas.gov/laws-and-rules/sboe-rules-tac/sboe-tac-currently-effect/ch111a.pdf","2026-10-03"
"3.9F","3","Personal financial literacy","Personal financial literacy. The student applies mathematical process standards to manage one's financial resources effectively for lifetime financial security. The student is expected to:","identify decisions involving income, spending, saving, credit, and charitable giving.","TEKS required","unmapped","","","https://tea.texas.gov/laws-and-rules/sboe-rules-tac/sboe-tac-currently-effect/ch111a.pdf","2026-10-03"
"4.1A","4","Mathematical process standards","Mathematical process standards. The student uses mathematical processes to acquire and demonstrate mathematical understanding. The student is expected to:","apply mathematics to problems arising in everyday life, society, and the workplace;","TEKS required","unmapped","","","https://tea.texas.gov/laws-and-rules/sboe-rules-tac/sboe-tac-currently-effect/ch111a.pdf","2026-10-03"
"4.1B","4","Mathematical process standards","Mathematical process standards. The student uses mathematical processes to acquire and demonstrate mathematical understanding. The student is expected to:","use a problem-solving model that incorporates analyzing given information, formulating a plan or strategy, determining a solution, justifying the solution, and evaluating the problem-solving process and the reasonableness of the solution;","TEKS required","unmapped","","","https://tea.texas.gov/laws-and-rules/sboe-rules-tac/sboe-tac-currently-effect/ch111a.pdf","2026-10-03"
"4.1C","4","Mathematical process standards","Mathematical process standards. The student uses mathematical processes to acquire and demonstrate mathematical understanding. The student is expected to:","select tools, including real objects, manipulatives, paper and pencil, and technology as appropriate, and techniques, including mental math, estimation, and number sense as appropriate, to solve problems;","TEKS required","unmapped","","","https://tea.texas.gov/laws-and-rules/sboe-rules-tac/sboe-tac-currently-effect/ch111a.pdf","2026-10-03"
"4.1D","4","Mathematical process standards","Mathematical process standards. The student uses mathematical processes to acquire and demonstrate mathematical understanding. The student is expected to:","communicate mathematical ideas, reasoning, and their implications using multiple representations, including symbols, diagrams, graphs, and language as appropriate;","TEKS required","unmapped","","","https://tea.texas.gov/laws-and-rules/sboe-rules-tac/sboe-tac-currently-effect/ch111a.pdf","2026-10-03"
"4.1E","4","Mathematical process standards","Mathematical process standards. The student uses mathematical processes to acquire and demonstrate mathematical understanding. The student is expected to:","create and use representations to organize, record, and communicate mathematical ideas;","TEKS required","unmapped","","","https://tea.texas.gov/laws-and-rules/sboe-rules-tac/sboe-tac-currently-effect/ch111a.pdf","2026-10-03"
"4.1F","4","Mathematical process standards","Mathematical process standards. The student uses mathematical processes to acquire and demonstrate mathematical understanding. The student is expected to:","analyze mathematical relationships to connect and communicate mathematical ideas; and (G) display, explain, and justify mathematical ideas and arguments using precise mathematical language in written or oral communication.","TEKS required","unmapped","","","https://tea.texas.gov/laws-and-rules/sboe-rules-tac/sboe-tac-currently-effect/ch111a.pdf","2026-10-03"
"4.2A","4","Number and operations","Number and operations. The student applies mathematical process standards to represent, compare, and order whole numbers and decimals and understand relationships related to place value. The student is expected to:","interpret the value of each place-value position as 10 times the position to the right and as one-tenth of the value of the place to its left;","TEKS required","unmapped","","","https://tea.texas.gov/laws-and-rules/sboe-rules-tac/sboe-tac-currently-effect/ch111a.pdf","2026-10-03"
"4.2B","4","Number and operations","Number and operations. The student applies mathematical process standards to represent, compare, and order whole numbers and decimals and understand relationships related to place value. The student is expected to:","represent the value of the digit in whole numbers through 1,000,000,000 and decimals to the hundredths using expanded notation and numerals;","TEKS required","unmapped","","","https://tea.texas.gov/laws-and-rules/sboe-rules-tac/sboe-tac-currently-effect/ch111a.pdf","2026-10-03"
"4.2C","4","Number and operations","Number and operations. The student applies mathematical process standards to represent, compare, and order whole numbers and decimals and understand relationships related to place value. The student is expected to:","compare and order whole numbers to 1,000,000,000 and represent comparisons using the symbols >, <, or =;","TEKS required","unmapped","","","https://tea.texas.gov/laws-and-rules/sboe-rules-tac/sboe-tac-currently-effect/ch111a.pdf","2026-10-03"
"4.2D","4","Number and operations","Number and operations. The student applies mathematical process standards to represent, compare, and order whole numbers and decimals and understand relationships related to place value. The student is expected to:","round whole numbers to a given place value through the hundred thousands place;","TEKS required","unmapped","","","https://tea.texas.gov/laws-and-rules/sboe-rules-tac/sboe-tac-currently-effect/ch111a.pdf","2026-10-03"
"4.2E","4","Number and operations","Number and operations. The student applies mathematical process standards to represent, compare, and order whole numbers and decimals and understand relationships related to place value. The student is expected to:","represent decimals, including tenths and hundredths, using concrete and visual models and money;","TEKS required","unmapped","","","https://tea.texas.gov/laws-and-rules/sboe-rules-tac/sboe-tac-currently-effect/ch111a.pdf","2026-10-03"
"4.2F","4","Number and operations","Number and operations. The student applies mathematical process standards to represent, compare, and order whole numbers and decimals and understand relationships related to place value. The student is expected to:","compare and order decimals using concrete and visual models to the hundredths;","TEKS required","unmapped","","","https://tea.texas.gov/laws-and-rules/sboe-rules-tac/sboe-tac-currently-effect/ch111a.pdf","2026-10-03"
"4.2G","4","Number and operations","Number and operations. The student applies mathematical process standards to represent, compare, and order whole numbers and decimals and understand relationships related to place value. The student is expected to:","relate decimals to fractions that name tenths and hundredths; and","TEKS required","unmapped","","","https://tea.texas.gov/laws-and-rules/sboe-rules-tac/sboe-tac-currently-effect/ch111a.pdf","2026-10-03"
"4.2H","4","Number and operations","Number and operations. The student applies mathematical process standards to represent, compare, and order whole numbers and decimals and understand relationships related to place value. The student is expected to:","determine the corresponding decimal to the tenths or hundredths place of a specified point on a number line.","TEKS required","unmapped","","","https://tea.texas.gov/laws-and-rules/sboe-rules-tac/sboe-tac-currently-effect/ch111a.pdf","2026-10-03"
"4.3A","4","Number and operations","Number and operations. The student applies mathematical process standards to represent and generate fractions to solve problems. The student is expected to:","represent a fraction a/b as a sum of fractions 1/b, where a and b are whole numbers and b > 0, including when a > b;","TEKS required","unmapped","","","https://tea.texas.gov/laws-and-rules/sboe-rules-tac/sboe-tac-currently-effect/ch111a.pdf","2026-10-03"
"4.3B","4","Number and operations","Number and operations. The student applies mathematical process standards to represent and generate fractions to solve problems. The student is expected to:","decompose a fraction in more than one way into a sum of fractions with the same denominator using concrete and pictorial models and recording results with symbolic representations;","TEKS required","unmapped","","","https://tea.texas.gov/laws-and-rules/sboe-rules-tac/sboe-tac-currently-effect/ch111a.pdf","2026-10-03"
"4.3C","4","Number and operations","Number and operations. The student applies mathematical process standards to represent and generate fractions to solve problems. The student is expected to:","determine if two given fractions are equivalent using a variety of methods;","TEKS required","unmapped","","","https://tea.texas.gov/laws-and-rules/sboe-rules-tac/sboe-tac-currently-effect/ch111a.pdf","2026-10-03"
"4.3D","4","Number and operations","Number and operations. The student applies mathematical process standards to represent and generate fractions to solve problems. The student is expected to:","compare two fractions with different numerators and different denominators and represent the comparison using the symbols >, =, or <;","TEKS required","unmapped","","","https://tea.texas.gov/laws-and-rules/sboe-rules-tac/sboe-tac-currently-effect/ch111a.pdf","2026-10-03"
"4.3E","4","Number and operations","Number and operations. The student applies mathematical process standards to represent and generate fractions to solve problems. The student is expected to:","represent and solve addition and subtraction of fractions with equal denominators using objects and pictorial models that build to the number line and properties of operations;","TEKS required","unmapped","","","https://tea.texas.gov/laws-and-rules/sboe-rules-tac/sboe-tac-currently-effect/ch111a.pdf","2026-10-03"
"4.3F","4","Number and operations","Number and operations. The student applies mathematical process standards to represent and generate fractions to solve problems. The student is expected to:","evaluate the reasonableness of sums and differences of fractions using benchmark fractions 0, 1/4, 1/2, 3/4, and 1, referring to the same whole; and","TEKS required","unmapped","","","https://tea.texas.gov/laws-and-rules/sboe-rules-tac/sboe-tac-currently-effect/ch111a.pdf","2026-10-03"
"4.3G","4","Number and operations","Number and operations. The student applies mathematical process standards to represent and generate fractions to solve problems. The student is expected to:","represent fractions and decimals to the tenths or hundredths as distances from zero on a number line.","TEKS required","unmapped","","","https://tea.texas.gov/laws-and-rules/sboe-rules-tac/sboe-tac-currently-effect/ch111a.pdf","2026-10-03"
"4.4A","4","Number and operations","Number and operations. The student applies mathematical process standards to develop and use strategies and methods for whole number computations and decimal sums and differences in order to solve problems with efficiency and accuracy. The student is expected to:","add and subtract whole numbers and decimals to the hundredths place using the standard algorithm;","TEKS required","unmapped","","","https://tea.texas.gov/laws-and-rules/sboe-rules-tac/sboe-tac-currently-effect/ch111a.pdf","2026-10-03"
"4.4B","4","Number and operations","Number and operations. The student applies mathematical process standards to develop and use strategies and methods for whole number computations and decimal sums and differences in order to solve problems with efficiency and accuracy. The student is expected to:","determine products of a number and 10 or 100 using properties of operations and place value understandings;","TEKS required","pilot planned","multiplication-relationships","","https://tea.texas.gov/laws-and-rules/sboe-rules-tac/sboe-tac-currently-effect/ch111a.pdf","2026-10-03"
"4.4C","4","Number and operations","Number and operations. The student applies mathematical process standards to develop and use strategies and methods for whole number computations and decimal sums and differences in order to solve problems with efficiency and accuracy. The student is expected to:","represent the product of 2 two-digit numbers using arrays, area models, or equations, including perfect squares through 15 by 15;","TEKS required","pilot planned","multiplication-relationships","","https://tea.texas.gov/laws-and-rules/sboe-rules-tac/sboe-tac-currently-effect/ch111a.pdf","2026-10-03"
"4.4D","4","Number and operations","Number and operations. The student applies mathematical process standards to develop and use strategies and methods for whole number computations and decimal sums and differences in order to solve problems with efficiency and accuracy. The student is expected to:","use strategies and algorithms, including the standard algorithm, to multiply up to a four-digit number by a one-digit number and to multiply a two-digit number by a two-digit number. Strategies may include mental math, partial products, and the commutative, associative, and distributive properties;","TEKS required","unmapped","","","https://tea.texas.gov/laws-and-rules/sboe-rules-tac/sboe-tac-currently-effect/ch111a.pdf","2026-10-03"
"4.4E","4","Number and operations","Number and operations. The student applies mathematical process standards to develop and use strategies and methods for whole number computations and decimal sums and differences in order to solve problems with efficiency and accuracy. The student is expected to:","represent the quotient of up to a four-digit whole number divided by a one-digit whole number using arrays, area models, or equations;","TEKS required","unmapped","","","https://tea.texas.gov/laws-and-rules/sboe-rules-tac/sboe-tac-currently-effect/ch111a.pdf","2026-10-03"
"4.4F","4","Number and operations","Number and operations. The student applies mathematical process standards to develop and use strategies and methods for whole number computations and decimal sums and differences in order to solve problems with efficiency and accuracy. The student is expected to:","use strategies and algorithms, including the standard algorithm, to divide up to a four-digit dividend by a one-digit divisor;","TEKS required","unmapped","","","https://tea.texas.gov/laws-and-rules/sboe-rules-tac/sboe-tac-currently-effect/ch111a.pdf","2026-10-03"
"4.4G","4","Number and operations","Number and operations. The student applies mathematical process standards to develop and use strategies and methods for whole number computations and decimal sums and differences in order to solve problems with efficiency and accuracy. The student is expected to:","round to the nearest 10, 100, or 1,000 or use compatible numbers to estimate solutions involving whole numbers; and","TEKS required","unmapped","","","https://tea.texas.gov/laws-and-rules/sboe-rules-tac/sboe-tac-currently-effect/ch111a.pdf","2026-10-03"
"4.4H","4","Number and operations","Number and operations. The student applies mathematical process standards to develop and use strategies and methods for whole number computations and decimal sums and differences in order to solve problems with efficiency and accuracy. The student is expected to:","solve with fluency one- and two-step problems involving multiplication and division, including interpreting remainders.","TEKS required","pilot planned","multiplication-relationships","","https://tea.texas.gov/laws-and-rules/sboe-rules-tac/sboe-tac-currently-effect/ch111a.pdf","2026-10-03"
"4.5A","4","Algebraic reasoning","Algebraic reasoning. The student applies mathematical process standards to develop concepts of expressions and equations. The student is expected to:","represent multi-step problems involving the four operations with whole numbers using strip diagrams and equations with a letter standing for the unknown quantity;","TEKS required","unmapped","","","https://tea.texas.gov/laws-and-rules/sboe-rules-tac/sboe-tac-currently-effect/ch111a.pdf","2026-10-03"
"4.5B","4","Algebraic reasoning","Algebraic reasoning. The student applies mathematical process standards to develop concepts of expressions and equations. The student is expected to:","represent problems using an input-output table and numerical expressions to generate a number pattern that follows a given rule representing the relationship of the values in the resulting sequence and their position in the sequence;","TEKS required","unmapped","","","https://tea.texas.gov/laws-and-rules/sboe-rules-tac/sboe-tac-currently-effect/ch111a.pdf","2026-10-03"
"4.5C","4","Algebraic reasoning","Algebraic reasoning. The student applies mathematical process standards to develop concepts of expressions and equations. The student is expected to:","use models to determine the formulas for the perimeter of a rectangle (l + w + l + w or 2l + 2w), including the special form for perimeter of a square (4s) and the area of a rectangle (l x w); and","TEKS required","unmapped","","","https://tea.texas.gov/laws-and-rules/sboe-rules-tac/sboe-tac-currently-effect/ch111a.pdf","2026-10-03"
"4.5D","4","Algebraic reasoning","Algebraic reasoning. The student applies mathematical process standards to develop concepts of expressions and equations. The student is expected to:","solve problems related to perimeter and area of rectangles where dimensions are whole numbers.","TEKS required","unmapped","","","https://tea.texas.gov/laws-and-rules/sboe-rules-tac/sboe-tac-currently-effect/ch111a.pdf","2026-10-03"
"4.6A","4","Geometry and measurement","Geometry and measurement. The student applies mathematical process standards to analyze geometric attributes in order to develop generalizations about their properties. The student is expected to:","identify points, lines, line segments, rays, angles, and perpendicular and parallel lines;","TEKS required","unmapped","","","https://tea.texas.gov/laws-and-rules/sboe-rules-tac/sboe-tac-currently-effect/ch111a.pdf","2026-10-03"
"4.6B","4","Geometry and measurement","Geometry and measurement. The student applies mathematical process standards to analyze geometric attributes in order to develop generalizations about their properties. The student is expected to:","identify and draw one or more lines of symmetry, if they exist, for a two-dimensional figure;","TEKS required","unmapped","","","https://tea.texas.gov/laws-and-rules/sboe-rules-tac/sboe-tac-currently-effect/ch111a.pdf","2026-10-03"
"4.6C","4","Geometry and measurement","Geometry and measurement. The student applies mathematical process standards to analyze geometric attributes in order to develop generalizations about their properties. The student is expected to:","apply knowledge of right angles to identify acute, right, and obtuse triangles; and","TEKS required","unmapped","","","https://tea.texas.gov/laws-and-rules/sboe-rules-tac/sboe-tac-currently-effect/ch111a.pdf","2026-10-03"
"4.6D","4","Geometry and measurement","Geometry and measurement. The student applies mathematical process standards to analyze geometric attributes in order to develop generalizations about their properties. The student is expected to:","classify two-dimensional figures based on the presence or absence of parallel or perpendicular lines or the presence or absence of angles of a specified size.","TEKS required","unmapped","","","https://tea.texas.gov/laws-and-rules/sboe-rules-tac/sboe-tac-currently-effect/ch111a.pdf","2026-10-03"
"4.7A","4","Geometry and measurement","Geometry and measurement. The student applies mathematical process standards to solve problems involving angles less than or equal to 180 degrees. The student is expected to:","illustrate the measure of an angle as the part of a circle whose center is at the vertex of the angle that is ""cut out"" by the rays of the angle. Angle measures are limited to whole numbers;","TEKS required","unmapped","","","https://tea.texas.gov/laws-and-rules/sboe-rules-tac/sboe-tac-currently-effect/ch111a.pdf","2026-10-03"
"4.7B","4","Geometry and measurement","Geometry and measurement. The student applies mathematical process standards to solve problems involving angles less than or equal to 180 degrees. The student is expected to:","illustrate degrees as the units used to measure an angle, where 1/360 of any circle is one degree and an angle that ""cuts"" n/360 out of any circle whose center is at the angle's vertex has a measure of n degrees. Angle measures are limited to whole numbers;","TEKS required","unmapped","","","https://tea.texas.gov/laws-and-rules/sboe-rules-tac/sboe-tac-currently-effect/ch111a.pdf","2026-10-03"
"4.7C","4","Geometry and measurement","Geometry and measurement. The student applies mathematical process standards to solve problems involving angles less than or equal to 180 degrees. The student is expected to:","determine the approximate measures of angles in degrees to the nearest whole number using a protractor;","TEKS required","unmapped","","","https://tea.texas.gov/laws-and-rules/sboe-rules-tac/sboe-tac-currently-effect/ch111a.pdf","2026-10-03"
"4.7D","4","Geometry and measurement","Geometry and measurement. The student applies mathematical process standards to solve problems involving angles less than or equal to 180 degrees. The student is expected to:","draw an angle with a given measure; and","TEKS required","unmapped","","","https://tea.texas.gov/laws-and-rules/sboe-rules-tac/sboe-tac-currently-effect/ch111a.pdf","2026-10-03"
"4.7E","4","Geometry and measurement","Geometry and measurement. The student applies mathematical process standards to solve problems involving angles less than or equal to 180 degrees. The student is expected to:","determine the measure of an unknown angle formed by two non-overlapping adjacent angles given one or both angle measures.","TEKS required","unmapped","","","https://tea.texas.gov/laws-and-rules/sboe-rules-tac/sboe-tac-currently-effect/ch111a.pdf","2026-10-03"
"4.8A","4","Geometry and measurement","Geometry and measurement. The student applies mathematical process standards to select appropriate customary and metric units, strategies, and tools to solve problems involving measurement. The student is expected to:","identify relative sizes of measurement units within the customary and metric systems;","TEKS required","unmapped","","","https://tea.texas.gov/laws-and-rules/sboe-rules-tac/sboe-tac-currently-effect/ch111a.pdf","2026-10-03"
"4.8B","4","Geometry and measurement","Geometry and measurement. The student applies mathematical process standards to select appropriate customary and metric units, strategies, and tools to solve problems involving measurement. The student is expected to:","convert measurements within the same measurement system, customary or metric, from a smaller unit into a larger unit or a larger unit into a smaller unit when given other equivalent measures represented in a table; and","TEKS required","unmapped","","","https://tea.texas.gov/laws-and-rules/sboe-rules-tac/sboe-tac-currently-effect/ch111a.pdf","2026-10-03"
"4.8C","4","Geometry and measurement","Geometry and measurement. The student applies mathematical process standards to select appropriate customary and metric units, strategies, and tools to solve problems involving measurement. The student is expected to:","solve problems that deal with measurements of length, intervals of time, liquid volumes, mass, and money using addition, subtraction, multiplication, or division as appropriate.","TEKS required","unmapped","","","https://tea.texas.gov/laws-and-rules/sboe-rules-tac/sboe-tac-currently-effect/ch111a.pdf","2026-10-03"
"4.9A","4","Data analysis","Data analysis. The student applies mathematical process standards to solve problems by collecting, organizing, displaying, and interpreting data. The student is expected to:","represent data on a frequency table, dot plot, or stem-and-leaf plot marked with whole numbers and fractions; and","TEKS required","unmapped","","","https://tea.texas.gov/laws-and-rules/sboe-rules-tac/sboe-tac-currently-effect/ch111a.pdf","2026-10-03"
"4.9B","4","Data analysis","Data analysis. The student applies mathematical process standards to solve problems by collecting, organizing, displaying, and interpreting data. The student is expected to:","solve one- and two-step problems using data in whole number, decimal, and fraction form in a frequency table, dot plot, or stem-and-leaf plot.","TEKS required","unmapped","","","https://tea.texas.gov/laws-and-rules/sboe-rules-tac/sboe-tac-currently-effect/ch111a.pdf","2026-10-03"
"4.10A","4","Personal financial literacy","Personal financial literacy. The student applies mathematical process standards to manage one's financial resources effectively for lifetime financial security. The student is expected to:","distinguish between fixed and variable expenses;","TEKS required","unmapped","","","https://tea.texas.gov/laws-and-rules/sboe-rules-tac/sboe-tac-currently-effect/ch111a.pdf","2026-10-03"
"4.10B","4","Personal financial literacy","Personal financial literacy. The student applies mathematical process standards to manage one's financial resources effectively for lifetime financial security. The student is expected to:","calculate profit in a given situation;","TEKS required","unmapped","","","https://tea.texas.gov/laws-and-rules/sboe-rules-tac/sboe-tac-currently-effect/ch111a.pdf","2026-10-03"
"4.10C","4","Personal financial literacy","Personal financial literacy. The student applies mathematical process standards to manage one's financial resources effectively for lifetime financial security. The student is expected to:","compare the advantages and disadvantages of various savings options;","TEKS required","unmapped","","","https://tea.texas.gov/laws-and-rules/sboe-rules-tac/sboe-tac-currently-effect/ch111a.pdf","2026-10-03"
"4.10D","4","Personal financial literacy","Personal financial literacy. The student applies mathematical process standards to manage one's financial resources effectively for lifetime financial security. The student is expected to:","describe how to allocate a weekly allowance among spending; saving, including for college; and sharing; and","TEKS required","unmapped","","","https://tea.texas.gov/laws-and-rules/sboe-rules-tac/sboe-tac-currently-effect/ch111a.pdf","2026-10-03"
"4.10E","4","Personal financial literacy","Personal financial literacy. The student applies mathematical process standards to manage one's financial resources effectively for lifetime financial security. The student is expected to:","describe the basic purpose of financial institutions, including keeping money safe, borrowing money, and lending.","TEKS required","unmapped","","","https://tea.texas.gov/laws-and-rules/sboe-rules-tac/sboe-tac-currently-effect/ch111a.pdf","2026-10-03"
"5.1A","5","Mathematical process standards","Mathematical process standards. The student uses mathematical processes to acquire and demonstrate mathematical understanding. The student is expected to:","apply mathematics to problems arising in everyday life, society, and the workplace;","TEKS required","unmapped","","","https://tea.texas.gov/laws-and-rules/sboe-rules-tac/sboe-tac-currently-effect/ch111a.pdf","2026-10-03"
"5.1B","5","Mathematical process standards","Mathematical process standards. The student uses mathematical processes to acquire and demonstrate mathematical understanding. The student is expected to:","use a problem-solving model that incorporates analyzing given information, formulating a plan or strategy, determining a solution, justifying the solution, and evaluating the problem-solving process and the reasonableness of the solution;","TEKS required","unmapped","","","https://tea.texas.gov/laws-and-rules/sboe-rules-tac/sboe-tac-currently-effect/ch111a.pdf","2026-10-03"
"5.1C","5","Mathematical process standards","Mathematical process standards. The student uses mathematical processes to acquire and demonstrate mathematical understanding. The student is expected to:","select tools, including real objects, manipulatives, paper and pencil, and technology as appropriate, and techniques, including mental math, estimation, and number sense as appropriate, to solve problems;","TEKS required","unmapped","","","https://tea.texas.gov/laws-and-rules/sboe-rules-tac/sboe-tac-currently-effect/ch111a.pdf","2026-10-03"
"5.1D","5","Mathematical process standards","Mathematical process standards. The student uses mathematical processes to acquire and demonstrate mathematical understanding. The student is expected to:","communicate mathematical ideas, reasoning, and their implications using multiple representations, including symbols, diagrams, graphs, and language as appropriate;","TEKS required","unmapped","","","https://tea.texas.gov/laws-and-rules/sboe-rules-tac/sboe-tac-currently-effect/ch111a.pdf","2026-10-03"
"5.1E","5","Mathematical process standards","Mathematical process standards. The student uses mathematical processes to acquire and demonstrate mathematical understanding. The student is expected to:","create and use representations to organize, record, and communicate mathematical ideas;","TEKS required","unmapped","","","https://tea.texas.gov/laws-and-rules/sboe-rules-tac/sboe-tac-currently-effect/ch111a.pdf","2026-10-03"
"5.1F","5","Mathematical process standards","Mathematical process standards. The student uses mathematical processes to acquire and demonstrate mathematical understanding. The student is expected to:","analyze mathematical relationships to connect and communicate mathematical ideas; and","TEKS required","unmapped","","","https://tea.texas.gov/laws-and-rules/sboe-rules-tac/sboe-tac-currently-effect/ch111a.pdf","2026-10-03"
"5.1G","5","Mathematical process standards","Mathematical process standards. The student uses mathematical processes to acquire and demonstrate mathematical understanding. The student is expected to:","display, explain, and justify mathematical ideas and arguments using precise mathematical language in written or oral communication.","TEKS required","unmapped","","","https://tea.texas.gov/laws-and-rules/sboe-rules-tac/sboe-tac-currently-effect/ch111a.pdf","2026-10-03"
"5.2A","5","Number and operations","Number and operations. The student applies mathematical process standards to represent, compare, and order positive rational numbers and understand relationships as related to place value. The student is expected to:","represent the value of the digit in decimals through the thousandths using expanded notation and numerals;","TEKS required","unmapped","","","https://tea.texas.gov/laws-and-rules/sboe-rules-tac/sboe-tac-currently-effect/ch111a.pdf","2026-10-03"
"5.2B","5","Number and operations","Number and operations. The student applies mathematical process standards to represent, compare, and order positive rational numbers and understand relationships as related to place value. The student is expected to:","compare and order two decimals to thousandths and represent comparisons using the symbols >, <, or =; and","TEKS required","unmapped","","","https://tea.texas.gov/laws-and-rules/sboe-rules-tac/sboe-tac-currently-effect/ch111a.pdf","2026-10-03"
"5.2C","5","Number and operations","Number and operations. The student applies mathematical process standards to represent, compare, and order positive rational numbers and understand relationships as related to place value. The student is expected to:","round decimals to tenths or hundredths.","TEKS required","unmapped","","","https://tea.texas.gov/laws-and-rules/sboe-rules-tac/sboe-tac-currently-effect/ch111a.pdf","2026-10-03"
"5.3A","5","Number and operations","Number and operations. The student applies mathematical process standards to develop and use strategies and methods for positive rational number computations in order to solve problems with efficiency and accuracy. The student is expected to:","estimate to determine solutions to mathematical and real-world problems involving addition, subtraction, multiplication, or division;","TEKS required","unmapped","","","https://tea.texas.gov/laws-and-rules/sboe-rules-tac/sboe-tac-currently-effect/ch111a.pdf","2026-10-03"
"5.3B","5","Number and operations","Number and operations. The student applies mathematical process standards to develop and use strategies and methods for positive rational number computations in order to solve problems with efficiency and accuracy. The student is expected to:","multiply with fluency a three-digit number by a two-digit number using the standard algorithm;","TEKS required","unmapped","","","https://tea.texas.gov/laws-and-rules/sboe-rules-tac/sboe-tac-currently-effect/ch111a.pdf","2026-10-03"
"5.3C","5","Number and operations","Number and operations. The student applies mathematical process standards to develop and use strategies and methods for positive rational number computations in order to solve problems with efficiency and accuracy. The student is expected to:","solve with proficiency for quotients of up to a four-digit dividend by a two-digit divisor using strategies and the standard algorithm;","TEKS required","unmapped","","","https://tea.texas.gov/laws-and-rules/sboe-rules-tac/sboe-tac-currently-effect/ch111a.pdf","2026-10-03"
"5.3D","5","Number and operations","Number and operations. The student applies mathematical process standards to develop and use strategies and methods for positive rational number computations in order to solve problems with efficiency and accuracy. The student is expected to:","represent multiplication of decimals with products to the hundredths using objects and pictorial models, including area models;","TEKS required","unmapped","","","https://tea.texas.gov/laws-and-rules/sboe-rules-tac/sboe-tac-currently-effect/ch111a.pdf","2026-10-03"
"5.3E","5","Number and operations","Number and operations. The student applies mathematical process standards to develop and use strategies and methods for positive rational number computations in order to solve problems with efficiency and accuracy. The student is expected to:","solve for products of decimals to the hundredths, including situations involving money, using strategies based on place-value understandings, properties of operations, and the relationship to the multiplication of whole numbers;","TEKS required","unmapped","","","https://tea.texas.gov/laws-and-rules/sboe-rules-tac/sboe-tac-currently-effect/ch111a.pdf","2026-10-03"
"5.3F","5","Number and operations","Number and operations. The student applies mathematical process standards to develop and use strategies and methods for positive rational number computations in order to solve problems with efficiency and accuracy. The student is expected to:","represent quotients of decimals to the hundredths, up to four-digit dividends and two-digit whole number divisors, using objects and pictorial models, including area models;","TEKS required","unmapped","","","https://tea.texas.gov/laws-and-rules/sboe-rules-tac/sboe-tac-currently-effect/ch111a.pdf","2026-10-03"
"5.3G","5","Number and operations","Number and operations. The student applies mathematical process standards to develop and use strategies and methods for positive rational number computations in order to solve problems with efficiency and accuracy. The student is expected to:","solve for quotients of decimals to the hundredths, up to four-digit dividends and two-digit whole number divisors, using strategies and algorithms, including the standard algorithm;","TEKS required","unmapped","","","https://tea.texas.gov/laws-and-rules/sboe-rules-tac/sboe-tac-currently-effect/ch111a.pdf","2026-10-03"
"5.3H","5","Number and operations","Number and operations. The student applies mathematical process standards to develop and use strategies and methods for positive rational number computations in order to solve problems with efficiency and accuracy. The student is expected to:","represent and solve addition and subtraction of fractions with unequal denominators referring to the same whole using objects and pictorial models and properties of operations;","TEKS required","unmapped","","","https://tea.texas.gov/laws-and-rules/sboe-rules-tac/sboe-tac-currently-effect/ch111a.pdf","2026-10-03"
"5.3I","5","Number and operations","Number and operations. The student applies mathematical process standards to develop and use strategies and methods for positive rational number computations in order to solve problems with efficiency and accuracy. The student is expected to:","represent and solve multiplication of a whole number and a fraction that refers to the same whole using objects and pictorial models, including area models;","TEKS required","unmapped","","","https://tea.texas.gov/laws-and-rules/sboe-rules-tac/sboe-tac-currently-effect/ch111a.pdf","2026-10-03"
"5.3J","5","Number and operations","Number and operations. The student applies mathematical process standards to develop and use strategies and methods for positive rational number computations in order to solve problems with efficiency and accuracy. The student is expected to:","represent division of a unit fraction by a whole number and the division of a whole number by a unit fraction such as 1/3 ÷ 7 and 7 ÷ 1/3 using objects and pictorial models, including area models;","TEKS required","unmapped","","","https://tea.texas.gov/laws-and-rules/sboe-rules-tac/sboe-tac-currently-effect/ch111a.pdf","2026-10-03"
"5.3K","5","Number and operations","Number and operations. The student applies mathematical process standards to develop and use strategies and methods for positive rational number computations in order to solve problems with efficiency and accuracy. The student is expected to:","add and subtract positive rational numbers fluently; and","TEKS required","unmapped","","","https://tea.texas.gov/laws-and-rules/sboe-rules-tac/sboe-tac-currently-effect/ch111a.pdf","2026-10-03"
"5.3L","5","Number and operations","Number and operations. The student applies mathematical process standards to develop and use strategies and methods for positive rational number computations in order to solve problems with efficiency and accuracy. The student is expected to:","divide whole numbers by unit fractions and unit fractions by whole numbers.","TEKS required","unmapped","","","https://tea.texas.gov/laws-and-rules/sboe-rules-tac/sboe-tac-currently-effect/ch111a.pdf","2026-10-03"
"5.4A","5","Algebraic reasoning","Algebraic reasoning. The student applies mathematical process standards to develop concepts of expressions and equations. The student is expected to:","identify prime and composite numbers;","TEKS required","unmapped","","","https://tea.texas.gov/laws-and-rules/sboe-rules-tac/sboe-tac-currently-effect/ch111a.pdf","2026-10-03"
"5.4B","5","Algebraic reasoning","Algebraic reasoning. The student applies mathematical process standards to develop concepts of expressions and equations. The student is expected to:","represent and solve multi-step problems involving the four operations with whole numbers using equations with a letter standing for the unknown quantity;","TEKS required","pilot planned","multiplication-relationships","","https://tea.texas.gov/laws-and-rules/sboe-rules-tac/sboe-tac-currently-effect/ch111a.pdf","2026-10-03"
"5.4C","5","Algebraic reasoning","Algebraic reasoning. The student applies mathematical process standards to develop concepts of expressions and equations. The student is expected to:","generate a numerical pattern when given a rule in the form y = ax or y = x + a and graph;","TEKS required","unmapped","","","https://tea.texas.gov/laws-and-rules/sboe-rules-tac/sboe-tac-currently-effect/ch111a.pdf","2026-10-03"
"5.4D","5","Algebraic reasoning","Algebraic reasoning. The student applies mathematical process standards to develop concepts of expressions and equations. The student is expected to:","recognize the difference between additive and multiplicative numerical patterns given in a table or graph;","TEKS required","unmapped","","","https://tea.texas.gov/laws-and-rules/sboe-rules-tac/sboe-tac-currently-effect/ch111a.pdf","2026-10-03"
"5.4E","5","Algebraic reasoning","Algebraic reasoning. The student applies mathematical process standards to develop concepts of expressions and equations. The student is expected to:","describe the meaning of parentheses and brackets in a numeric expression;","TEKS required","unmapped","","","https://tea.texas.gov/laws-and-rules/sboe-rules-tac/sboe-tac-currently-effect/ch111a.pdf","2026-10-03"
"5.4F","5","Algebraic reasoning","Algebraic reasoning. The student applies mathematical process standards to develop concepts of expressions and equations. The student is expected to:","simplify numerical expressions that do not involve exponents, including up to two levels of grouping;","TEKS required","unmapped","","","https://tea.texas.gov/laws-and-rules/sboe-rules-tac/sboe-tac-currently-effect/ch111a.pdf","2026-10-03"
"5.4G","5","Algebraic reasoning","Algebraic reasoning. The student applies mathematical process standards to develop concepts of expressions and equations. The student is expected to:","use concrete objects and pictorial models to develop the formulas for the volume of a rectangular prism, including the special form for a cube (V = l x w x h, V = s x s x s, and V = Bh); and","TEKS required","unmapped","","","https://tea.texas.gov/laws-and-rules/sboe-rules-tac/sboe-tac-currently-effect/ch111a.pdf","2026-10-03"
"5.4H","5","Algebraic reasoning","Algebraic reasoning. The student applies mathematical process standards to develop concepts of expressions and equations. The student is expected to:","represent and solve problems related to perimeter and/or area and related to volume.","TEKS required","unmapped","","","https://tea.texas.gov/laws-and-rules/sboe-rules-tac/sboe-tac-currently-effect/ch111a.pdf","2026-10-03"
"5.5","5","Geometry and measurement","Geometry and measurement. The student applies mathematical process standards to classify two-dimensional figures by attributes and properties.","classify two-dimensional figures in a hierarchy of sets and subsets using graphic organizers based on their attributes and properties.","TEKS required","unmapped","","","https://tea.texas.gov/laws-and-rules/sboe-rules-tac/sboe-tac-currently-effect/ch111a.pdf","2026-10-03"
"5.6A","5","Geometry and measurement","Geometry and measurement. The student applies mathematical process standards to understand, recognize, and quantify volume. The student is expected to:","recognize a cube with side length of one unit as a unit cube having one cubic unit of volume and the volume of a three-dimensional figure as the number of unit cubes (n cubic units) needed to fill it with no gaps or overlaps if possible; and","TEKS required","unmapped","","","https://tea.texas.gov/laws-and-rules/sboe-rules-tac/sboe-tac-currently-effect/ch111a.pdf","2026-10-03"
"5.6B","5","Geometry and measurement","Geometry and measurement. The student applies mathematical process standards to understand, recognize, and quantify volume. The student is expected to:","determine the volume of a rectangular prism with whole number side lengths in problems related to the number of layers times the number of unit cubes in the area of the base.","TEKS required","unmapped","","","https://tea.texas.gov/laws-and-rules/sboe-rules-tac/sboe-tac-currently-effect/ch111a.pdf","2026-10-03"
"5.7","5","Geometry and measurement","Geometry and measurement. The student applies mathematical process standards to select appropriate units, strategies, and tools to solve problems involving measurement.","solve problems by calculating conversions within a measurement system, customary or metric.","TEKS required","unmapped","","","https://tea.texas.gov/laws-and-rules/sboe-rules-tac/sboe-tac-currently-effect/ch111a.pdf","2026-10-03"
"5.8A","5","Geometry and measurement","Geometry and measurement. The student applies mathematical process standards to identify locations on a coordinate plane. The student is expected to:","describe the key attributes of the coordinate plane, including perpendicular number lines (axes) where the intersection (origin) of the two lines coincides with zero on each number line and the given point (0, 0); the x-coordinate, the first number in an ordered pair, indicates movement parallel to the x-axis starting at the origin; and the y-coordinate, the second number, indicates movement parallel to the y-axis starting at the origin;","TEKS required","unmapped","","","https://tea.texas.gov/laws-and-rules/sboe-rules-tac/sboe-tac-currently-effect/ch111a.pdf","2026-10-03"
"5.8B","5","Geometry and measurement","Geometry and measurement. The student applies mathematical process standards to identify locations on a coordinate plane. The student is expected to:","describe the process for graphing ordered pairs of numbers in the first quadrant of the coordinate plane; and","TEKS required","unmapped","","","https://tea.texas.gov/laws-and-rules/sboe-rules-tac/sboe-tac-currently-effect/ch111a.pdf","2026-10-03"
"5.8C","5","Geometry and measurement","Geometry and measurement. The student applies mathematical process standards to identify locations on a coordinate plane. The student is expected to:","graph in the first quadrant of the coordinate plane ordered pairs of numbers arising from mathematical and real-world problems, including those generated by number patterns or found in an input-output table.","TEKS required","unmapped","","","https://tea.texas.gov/laws-and-rules/sboe-rules-tac/sboe-tac-currently-effect/ch111a.pdf","2026-10-03"
"5.9A","5","Data analysis","Data analysis. The student applies mathematical process standards to solve problems by collecting, organizing, displaying, and interpreting data. The student is expected to:","represent categorical data with bar graphs or frequency tables and numerical data, including data sets of measurements in fractions or decimals, with dot plots or stem-and-leaf plots;","TEKS required","unmapped","","","https://tea.texas.gov/laws-and-rules/sboe-rules-tac/sboe-tac-currently-effect/ch111a.pdf","2026-10-03"
"5.9B","5","Data analysis","Data analysis. The student applies mathematical process standards to solve problems by collecting, organizing, displaying, and interpreting data. The student is expected to:","represent discrete paired data on a scatterplot; and","TEKS required","unmapped","","","https://tea.texas.gov/laws-and-rules/sboe-rules-tac/sboe-tac-currently-effect/ch111a.pdf","2026-10-03"
"5.9C","5","Data analysis","Data analysis. The student applies mathematical process standards to solve problems by collecting, organizing, displaying, and interpreting data. The student is expected to:","solve one- and two-step problems using data from a frequency table, dot plot, bar graph, stem-and-leaf plot, or scatterplot.","TEKS required","unmapped","","","https://tea.texas.gov/laws-and-rules/sboe-rules-tac/sboe-tac-currently-effect/ch111a.pdf","2026-10-03"
"5.10A","5","Personal financial literacy","Personal financial literacy. The student applies mathematical process standards to manage one's financial resources effectively for lifetime financial security. The student is expected to:","define income tax, payroll tax, sales tax, and property tax;","TEKS required","unmapped","","","https://tea.texas.gov/laws-and-rules/sboe-rules-tac/sboe-tac-currently-effect/ch111a.pdf","2026-10-03"
"5.10B","5","Personal financial literacy","Personal financial literacy. The student applies mathematical process standards to manage one's financial resources effectively for lifetime financial security. The student is expected to:","explain the difference between gross income and net income;","TEKS required","unmapped","","","https://tea.texas.gov/laws-and-rules/sboe-rules-tac/sboe-tac-currently-effect/ch111a.pdf","2026-10-03"
"5.10C","5","Personal financial literacy","Personal financial literacy. The student applies mathematical process standards to manage one's financial resources effectively for lifetime financial security. The student is expected to:","identify the advantages and disadvantages of different methods of payment, including check, credit card, debit card, and electronic payments;","TEKS required","unmapped","","","https://tea.texas.gov/laws-and-rules/sboe-rules-tac/sboe-tac-currently-effect/ch111a.pdf","2026-10-03"
"5.10D","5","Personal financial literacy","Personal financial literacy. The student applies mathematical process standards to manage one's financial resources effectively for lifetime financial security. The student is expected to:","develop a system for keeping and using financial records;","TEKS required","unmapped","","","https://tea.texas.gov/laws-and-rules/sboe-rules-tac/sboe-tac-currently-effect/ch111a.pdf","2026-10-03"
"5.10E","5","Personal financial literacy","Personal financial literacy. The student applies mathematical process standards to manage one's financial resources effectively for lifetime financial security. The student is expected to:","describe actions that might be taken to balance a budget when expenses exceed income; and","TEKS required","unmapped","","","https://tea.texas.gov/laws-and-rules/sboe-rules-tac/sboe-tac-currently-effect/ch111a.pdf","2026-10-03"
"5.10F","5","Personal financial literacy","Personal financial literacy. The student applies mathematical process standards to manage one's financial resources effectively for lifetime financial security. The student is expected to:","balance a simple budget.","TEKS required","unmapped","","","https://tea.texas.gov/laws-and-rules/sboe-rules-tac/sboe-tac-currently-effect/ch111a.pdf","2026-10-03"
